ticker,sugar_baby_total_runs,sugar_baby_runs_bucket,sugar_baby_first_seen_date,sugar_baby_last_run_date,sugar_baby_manual_added,sugar_baby_run_dates
APLD,43,8+,2026-04-26,2026-06-26,False,"2026-04-26,2026-04-28,2026-04-29,2026-04-30,2026-05-01,2026-05-02,2026-05-03,2026-05-04,2026-05-05,2026-05-06,2026-05-08,2026-05-09,2026-05-12,2026-05-13,2026-05-14,2026-05-15,2026-05-16,2026-05-17,2026-05-19,2026-05-20,2026-05-21,2026-05-22,2026-05-27,2026-05-28,2026-05-29,2026-05-30,2026-06-02,2026-06-03,2026-06-04,2026-06-05,2026-06-08,2026-06-09,2026-06-10,2026-06-11,2026-06-12,2026-06-13,2026-06-17,2026-06-18,2026-06-19,2026-06-23,2026-06-24,2026-06-25,2026-06-26"
WULF,43,8+,2026-04-26,2026-06-26,False,"2026-04-26,2026-04-28,2026-04-29,2026-04-30,2026-05-01,2026-05-02,2026-05-03,2026-05-04,2026-05-05,2026-05-06,2026-05-08,2026-05-09,2026-05-12,2026-05-13,2026-05-14,2026-05-15,2026-05-16,2026-05-17,2026-05-19,2026-05-20,2026-05-21,2026-05-22,2026-05-27,2026-05-28,2026-05-29,2026-05-30,2026-06-02,2026-06-03,2026-06-04,2026-06-05,2026-06-08,2026-06-09,2026-06-10,2026-06-11,2026-06-12,2026-06-13,2026-06-17,2026-06-18,2026-06-19,2026-06-23,2026-06-24,2026-06-25,2026-06-26"
IONQ,42,8+,2026-04-26,2026-06-26,False,"2026-04-26,2026-04-28,2026-04-29,2026-04-30,2026-05-01,2026-05-02,2026-05-03,2026-05-05,2026-05-06,2026-05-08,2026-05-09,2026-05-12,2026-05-13,2026-05-14,2026-05-15,2026-05-16,2026-05-17,2026-05-19,2026-05-20,2026-05-21,2026-05-22,2026-05-27,2026-05-28,2026-05-29,2026-06-02,2026-06-03,2026-06-04,2026-06-05,2026-06-08,2026-06-09,2026-06-10,2026-06-11,2026-06-12,2026-06-13,2026-06-16,2026-06-17,2026-06-18,2026-06-19,2026-06-23,2026-06-24,2026-06-25,2026-06-26"
USAR,42,8+,2026-04-26,2026-06-26,False,"2026-04-26,2026-04-28,2026-04-29,2026-04-30,2026-05-01,2026-05-02,2026-05-03,2026-05-05,2026-05-06,2026-05-08,2026-05-09,2026-05-12,2026-05-13,2026-05-14,2026-05-15,2026-05-16,2026-05-17,2026-05-19,2026-05-20,2026-05-21,2026-05-22,2026-05-28,2026-05-29,2026-05-30,2026-06-02,2026-06-03,2026-06-04,2026-06-05,2026-06-08,2026-06-09,2026-06-10,2026-06-11,2026-06-12,2026-06-13,2026-06-16,2026-06-17,2026-06-18,2026-06-19,2026-06-23,2026-06-24,2026-06-25,2026-06-26"
EOSE,41,8+,2026-04-26,2026-06-26,False,"2026-04-26,2026-04-28,2026-04-29,2026-04-30,2026-05-01,2026-05-02,2026-05-03,2026-05-05,2026-05-06,2026-05-08,2026-05-09,2026-05-12,2026-05-13,2026-05-14,2026-05-15,2026-05-16,2026-05-17,2026-05-19,2026-05-20,2026-05-21,2026-05-22,2026-05-27,2026-05-28,2026-05-29,2026-05-30,2026-06-02,2026-06-03,2026-06-04,2026-06-05,2026-06-08,2026-06-09,2026-06-10,2026-06-11,2026-06-12,2026-06-13,2026-06-16,2026-06-17,2026-06-23,2026-06-24,2026-06-25,2026-06-26"
INTC,41,8+,2026-04-26,2026-06-26,False,"2026-04-26,2026-04-29,2026-04-30,2026-05-01,2026-05-02,2026-05-03,2026-05-04,2026-05-05,2026-05-06,2026-05-08,2026-05-09,2026-05-12,2026-05-13,2026-05-14,2026-05-15,2026-05-16,2026-05-17,2026-05-19,2026-05-20,2026-05-21,2026-05-22,2026-05-27,2026-05-28,2026-05-29,2026-05-30,2026-06-02,2026-06-03,2026-06-04,2026-06-05,2026-06-08,2026-06-09,2026-06-10,2026-06-11,2026-06-12,2026-06-13,2026-06-17,2026-06-18,2026-06-19,2026-06-24,2026-06-25,2026-06-26"
MSTR,41,8+,2026-04-26,2026-06-26,False,"2026-04-26,2026-04-28,2026-04-29,2026-04-30,2026-05-01,2026-05-02,2026-05-03,2026-05-06,2026-05-08,2026-05-09,2026-05-12,2026-05-13,2026-05-14,2026-05-15,2026-05-16,2026-05-17,2026-05-19,2026-05-20,2026-05-21,2026-05-22,2026-05-27,2026-05-28,2026-05-29,2026-05-30,2026-06-02,2026-06-03,2026-06-04,2026-06-05,2026-06-08,2026-06-09,2026-06-10,2026-06-11,2026-06-12,2026-06-13,2026-06-17,2026-06-18,2026-06-19,2026-06-23,2026-06-24,2026-06-25,2026-06-26"
QS,41,8+,2026-04-26,2026-06-26,False,"2026-04-26,2026-04-28,2026-04-29,2026-04-30,2026-05-01,2026-05-02,2026-05-03,2026-05-05,2026-05-06,2026-05-08,2026-05-09,2026-05-12,2026-05-15,2026-05-16,2026-05-17,2026-05-19,2026-05-20,2026-05-21,2026-05-22,2026-05-27,2026-05-28,2026-05-29,2026-05-30,2026-06-02,2026-06-03,2026-06-04,2026-06-05,2026-06-08,2026-06-09,2026-06-10,2026-06-11,2026-06-12,2026-06-13,2026-06-16,2026-06-17,2026-06-18,2026-06-19,2026-06-23,2026-06-24,2026-06-25,2026-06-26"
RDW,41,8+,2026-04-26,2026-06-26,False,"2026-04-26,2026-04-28,2026-04-29,2026-04-30,2026-05-01,2026-05-02,2026-05-03,2026-05-04,2026-05-05,2026-05-06,2026-05-08,2026-05-09,2026-05-12,2026-05-13,2026-05-14,2026-05-15,2026-05-16,2026-05-17,2026-05-19,2026-05-20,2026-05-21,2026-05-22,2026-05-30,2026-06-02,2026-06-03,2026-06-04,2026-06-05,2026-06-08,2026-06-09,2026-06-10,2026-06-11,2026-06-12,2026-06-13,2026-06-16,2026-06-17,2026-06-18,2026-06-19,2026-06-23,2026-06-24,2026-06-25,2026-06-26"
CRWV,40,8+,2026-04-26,2026-06-26,False,"2026-04-26,2026-04-28,2026-04-29,2026-04-30,2026-05-01,2026-05-02,2026-05-03,2026-05-04,2026-05-05,2026-05-08,2026-05-09,2026-05-12,2026-05-13,2026-05-14,2026-05-15,2026-05-16,2026-05-17,2026-05-19,2026-05-20,2026-05-21,2026-05-22,2026-05-27,2026-05-28,2026-05-29,2026-05-30,2026-06-03,2026-06-04,2026-06-05,2026-06-08,2026-06-09,2026-06-10,2026-06-11,2026-06-12,2026-06-13,2026-06-18,2026-06-19,2026-06-23,2026-06-24,2026-06-25,2026-06-26"
NVTS,40,8+,2026-04-26,2026-06-26,False,"2026-04-26,2026-04-28,2026-04-29,2026-04-30,2026-05-01,2026-05-04,2026-05-05,2026-05-06,2026-05-08,2026-05-09,2026-05-12,2026-05-13,2026-05-14,2026-05-15,2026-05-16,2026-05-17,2026-05-19,2026-05-20,2026-05-21,2026-05-22,2026-05-28,2026-05-29,2026-05-30,2026-06-02,2026-06-03,2026-06-04,2026-06-05,2026-06-08,2026-06-09,2026-06-10,2026-06-11,2026-06-12,2026-06-13,2026-06-17,2026-06-18,2026-06-19,2026-06-23,2026-06-24,2026-06-25,2026-06-26"
OWL,40,8+,2026-04-26,2026-06-26,False,"2026-04-26,2026-04-28,2026-04-29,2026-04-30,2026-05-01,2026-05-06,2026-05-08,2026-05-09,2026-05-12,2026-05-13,2026-05-14,2026-05-15,2026-05-16,2026-05-17,2026-05-19,2026-05-20,2026-05-21,2026-05-22,2026-05-27,2026-05-28,2026-05-29,2026-05-30,2026-06-02,2026-06-03,2026-06-04,2026-06-05,2026-06-08,2026-06-09,2026-06-10,2026-06-11,2026-06-12,2026-06-13,2026-06-16,2026-06-17,2026-06-18,2026-06-19,2026-06-23,2026-06-24,2026-06-25,2026-06-26"
PINS,40,8+,2026-04-26,2026-06-26,False,"2026-04-26,2026-04-28,2026-04-29,2026-04-30,2026-05-01,2026-05-02,2026-05-03,2026-05-05,2026-05-06,2026-05-08,2026-05-09,2026-05-12,2026-05-13,2026-05-14,2026-05-15,2026-05-16,2026-05-17,2026-05-19,2026-05-20,2026-05-21,2026-05-22,2026-05-30,2026-06-02,2026-06-03,2026-06-04,2026-06-05,2026-06-08,2026-06-09,2026-06-10,2026-06-11,2026-06-12,2026-06-13,2026-06-16,2026-06-17,2026-06-18,2026-06-19,2026-06-23,2026-06-24,2026-06-25,2026-06-26"
RGTI,40,8+,2026-04-26,2026-06-26,False,"2026-04-26,2026-04-28,2026-04-29,2026-04-30,2026-05-01,2026-05-02,2026-05-03,2026-05-08,2026-05-09,2026-05-12,2026-05-13,2026-05-14,2026-05-15,2026-05-16,2026-05-17,2026-05-19,2026-05-20,2026-05-21,2026-05-22,2026-05-27,2026-05-28,2026-05-29,2026-05-30,2026-06-02,2026-06-03,2026-06-04,2026-06-05,2026-06-08,2026-06-09,2026-06-10,2026-06-11,2026-06-12,2026-06-13,2026-06-17,2026-06-18,2026-06-19,2026-06-23,2026-06-24,2026-06-25,2026-06-26"
SMR,40,8+,2026-04-26,2026-06-26,False,"2026-04-26,2026-04-28,2026-04-29,2026-04-30,2026-05-01,2026-05-02,2026-05-03,2026-05-04,2026-05-05,2026-05-06,2026-05-08,2026-05-09,2026-05-12,2026-05-13,2026-05-14,2026-05-15,2026-05-16,2026-05-17,2026-05-19,2026-05-20,2026-05-21,2026-05-22,2026-05-28,2026-05-29,2026-05-30,2026-06-04,2026-06-05,2026-06-08,2026-06-09,2026-06-10,2026-06-11,2026-06-12,2026-06-13,2026-06-17,2026-06-18,2026-06-19,2026-06-23,2026-06-24,2026-06-25,2026-06-26"
AMZN,39,8+,2026-04-26,2026-06-26,False,"2026-04-26,2026-04-28,2026-04-29,2026-04-30,2026-05-01,2026-05-08,2026-05-09,2026-05-12,2026-05-13,2026-05-14,2026-05-15,2026-05-16,2026-05-17,2026-05-19,2026-05-20,2026-05-21,2026-05-22,2026-05-27,2026-05-28,2026-05-29,2026-05-30,2026-06-02,2026-06-03,2026-06-04,2026-06-05,2026-06-08,2026-06-09,2026-06-10,2026-06-11,2026-06-12,2026-06-13,2026-06-16,2026-06-17,2026-06-18,2026-06-19,2026-06-23,2026-06-24,2026-06-25,2026-06-26"
HIMS,39,8+,2026-04-26,2026-06-26,False,"2026-04-26,2026-04-28,2026-04-29,2026-04-30,2026-05-01,2026-05-02,2026-05-03,2026-05-05,2026-05-06,2026-05-08,2026-05-09,2026-05-12,2026-05-13,2026-05-14,2026-05-15,2026-05-16,2026-05-17,2026-05-19,2026-05-20,2026-05-21,2026-05-22,2026-05-27,2026-05-28,2026-05-29,2026-06-03,2026-06-04,2026-06-05,2026-06-08,2026-06-09,2026-06-10,2026-06-11,2026-06-12,2026-06-13,2026-06-16,2026-06-17,2026-06-23,2026-06-24,2026-06-25,2026-06-26"
NFLX,39,8+,2026-04-26,2026-06-26,False,"2026-04-26,2026-04-28,2026-05-04,2026-05-05,2026-05-06,2026-05-08,2026-05-09,2026-05-12,2026-05-13,2026-05-14,2026-05-15,2026-05-16,2026-05-17,2026-05-19,2026-05-20,2026-05-21,2026-05-22,2026-05-27,2026-05-28,2026-05-29,2026-05-30,2026-06-02,2026-06-03,2026-06-04,2026-06-05,2026-06-08,2026-06-09,2026-06-10,2026-06-11,2026-06-12,2026-06-13,2026-06-16,2026-06-17,2026-06-18,2026-06-19,2026-06-23,2026-06-24,2026-06-25,2026-06-26"
ONDS,39,8+,2026-04-26,2026-06-26,False,"2026-04-26,2026-04-28,2026-05-04,2026-05-05,2026-05-06,2026-05-08,2026-05-09,2026-05-12,2026-05-13,2026-05-14,2026-05-15,2026-05-16,2026-05-17,2026-05-19,2026-05-20,2026-05-21,2026-05-22,2026-05-27,2026-05-28,2026-05-29,2026-05-30,2026-06-02,2026-06-03,2026-06-04,2026-06-05,2026-06-08,2026-06-09,2026-06-10,2026-06-11,2026-06-12,2026-06-13,2026-06-16,2026-06-17,2026-06-18,2026-06-19,2026-06-23,2026-06-24,2026-06-25,2026-06-26"
ORCL,39,8+,2026-04-26,2026-06-26,False,"2026-04-26,2026-04-28,2026-04-29,2026-04-30,2026-05-01,2026-05-02,2026-05-03,2026-05-04,2026-05-05,2026-05-12,2026-05-13,2026-05-14,2026-05-15,2026-05-16,2026-05-17,2026-05-19,2026-05-20,2026-05-21,2026-05-22,2026-05-28,2026-05-29,2026-05-30,2026-06-03,2026-06-04,2026-06-05,2026-06-08,2026-06-09,2026-06-10,2026-06-11,2026-06-12,2026-06-13,2026-06-16,2026-06-17,2026-06-18,2026-06-19,2026-06-23,2026-06-24,2026-06-25,2026-06-26"
QBTS,39,8+,2026-04-26,2026-06-26,False,"2026-04-26,2026-04-28,2026-04-29,2026-04-30,2026-05-01,2026-05-08,2026-05-09,2026-05-12,2026-05-13,2026-05-14,2026-05-15,2026-05-16,2026-05-17,2026-05-19,2026-05-20,2026-05-21,2026-05-22,2026-05-27,2026-05-28,2026-05-29,2026-05-30,2026-06-02,2026-06-03,2026-06-04,2026-06-05,2026-06-08,2026-06-09,2026-06-10,2026-06-11,2026-06-12,2026-06-13,2026-06-16,2026-06-17,2026-06-18,2026-06-19,2026-06-23,2026-06-24,2026-06-25,2026-06-26"
AAPL,38,8+,2026-04-26,2026-06-26,False,"2026-04-26,2026-04-28,2026-05-04,2026-05-05,2026-05-06,2026-05-08,2026-05-09,2026-05-12,2026-05-13,2026-05-14,2026-05-15,2026-05-16,2026-05-17,2026-05-19,2026-05-20,2026-05-21,2026-05-27,2026-05-28,2026-05-29,2026-05-30,2026-06-02,2026-06-03,2026-06-04,2026-06-05,2026-06-08,2026-06-09,2026-06-10,2026-06-11,2026-06-12,2026-06-13,2026-06-16,2026-06-17,2026-06-18,2026-06-19,2026-06-23,2026-06-24,2026-06-25,2026-06-26"
AMD,38,8+,2026-04-28,2026-06-26,False,"2026-04-28,2026-04-29,2026-04-30,2026-05-01,2026-05-04,2026-05-05,2026-05-06,2026-05-08,2026-05-09,2026-05-12,2026-05-13,2026-05-14,2026-05-15,2026-05-16,2026-05-17,2026-05-19,2026-05-20,2026-05-21,2026-05-22,2026-05-28,2026-05-29,2026-05-30,2026-06-02,2026-06-03,2026-06-04,2026-06-05,2026-06-08,2026-06-09,2026-06-10,2026-06-11,2026-06-12,2026-06-13,2026-06-17,2026-06-18,2026-06-19,2026-06-24,2026-06-25,2026-06-26"
BSX,38,8+,2026-04-26,2026-06-26,False,"2026-04-26,2026-04-28,2026-05-05,2026-05-06,2026-05-08,2026-05-09,2026-05-12,2026-05-13,2026-05-14,2026-05-15,2026-05-16,2026-05-17,2026-05-19,2026-05-20,2026-05-21,2026-05-22,2026-05-27,2026-05-28,2026-05-29,2026-05-30,2026-06-02,2026-06-03,2026-06-04,2026-06-05,2026-06-08,2026-06-09,2026-06-10,2026-06-11,2026-06-12,2026-06-13,2026-06-16,2026-06-17,2026-06-18,2026-06-19,2026-06-23,2026-06-24,2026-06-25,2026-06-26"
CMCSA,38,8+,2026-04-26,2026-06-26,False,"2026-04-26,2026-04-28,2026-05-05,2026-05-06,2026-05-08,2026-05-09,2026-05-12,2026-05-13,2026-05-14,2026-05-15,2026-05-16,2026-05-17,2026-05-19,2026-05-20,2026-05-21,2026-05-22,2026-05-27,2026-05-28,2026-05-29,2026-05-30,2026-06-02,2026-06-03,2026-06-04,2026-06-05,2026-06-08,2026-06-09,2026-06-10,2026-06-11,2026-06-12,2026-06-13,2026-06-16,2026-06-17,2026-06-18,2026-06-19,2026-06-23,2026-06-24,2026-06-25,2026-06-26"
HOOD,38,8+,2026-04-26,2026-06-26,False,"2026-04-26,2026-04-28,2026-04-29,2026-04-30,2026-05-01,2026-05-02,2026-05-03,2026-05-08,2026-05-09,2026-05-12,2026-05-13,2026-05-14,2026-05-15,2026-05-16,2026-05-17,2026-05-19,2026-05-20,2026-05-21,2026-05-22,2026-05-27,2026-05-28,2026-05-29,2026-06-02,2026-06-03,2026-06-04,2026-06-05,2026-06-08,2026-06-09,2026-06-10,2026-06-11,2026-06-12,2026-06-17,2026-06-18,2026-06-19,2026-06-23,2026-06-24,2026-06-25,2026-06-26"
JOBY,38,8+,2026-04-26,2026-06-26,False,"2026-04-26,2026-04-28,2026-05-04,2026-05-05,2026-05-06,2026-05-08,2026-05-09,2026-05-12,2026-05-13,2026-05-14,2026-05-15,2026-05-16,2026-05-17,2026-05-19,2026-05-20,2026-05-21,2026-05-22,2026-05-28,2026-05-29,2026-05-30,2026-06-02,2026-06-03,2026-06-04,2026-06-05,2026-06-08,2026-06-09,2026-06-10,2026-06-11,2026-06-12,2026-06-13,2026-06-16,2026-06-17,2026-06-18,2026-06-19,2026-06-23,2026-06-24,2026-06-25,2026-06-26"
PFE,38,8+,2026-04-26,2026-06-26,False,"2026-04-26,2026-04-28,2026-05-04,2026-05-05,2026-05-06,2026-05-08,2026-05-09,2026-05-12,2026-05-13,2026-05-15,2026-05-16,2026-05-17,2026-05-19,2026-05-20,2026-05-21,2026-05-22,2026-05-27,2026-05-28,2026-05-29,2026-05-30,2026-06-02,2026-06-03,2026-06-04,2026-06-05,2026-06-08,2026-06-09,2026-06-10,2026-06-11,2026-06-12,2026-06-13,2026-06-16,2026-06-17,2026-06-18,2026-06-19,2026-06-23,2026-06-24,2026-06-25,2026-06-26"
T,38,8+,2026-04-26,2026-06-26,False,"2026-04-26,2026-04-28,2026-05-05,2026-05-06,2026-05-08,2026-05-09,2026-05-12,2026-05-13,2026-05-14,2026-05-15,2026-05-16,2026-05-17,2026-05-19,2026-05-20,2026-05-21,2026-05-22,2026-05-27,2026-05-28,2026-05-29,2026-05-30,2026-06-02,2026-06-03,2026-06-04,2026-06-05,2026-06-08,2026-06-09,2026-06-10,2026-06-11,2026-06-12,2026-06-13,2026-06-16,2026-06-17,2026-06-18,2026-06-19,2026-06-23,2026-06-24,2026-06-25,2026-06-26"
TTD,38,8+,2026-04-26,2026-06-26,False,"2026-04-26,2026-04-28,2026-05-05,2026-05-06,2026-05-08,2026-05-09,2026-05-12,2026-05-13,2026-05-14,2026-05-15,2026-05-16,2026-05-17,2026-05-19,2026-05-20,2026-05-21,2026-05-22,2026-05-27,2026-05-28,2026-05-29,2026-05-30,2026-06-02,2026-06-03,2026-06-04,2026-06-05,2026-06-08,2026-06-09,2026-06-10,2026-06-11,2026-06-12,2026-06-13,2026-06-16,2026-06-17,2026-06-18,2026-06-19,2026-06-23,2026-06-24,2026-06-25,2026-06-26"
UBER,38,8+,2026-04-26,2026-06-26,False,"2026-04-26,2026-04-28,2026-05-05,2026-05-06,2026-05-08,2026-05-09,2026-05-12,2026-05-13,2026-05-14,2026-05-15,2026-05-16,2026-05-17,2026-05-19,2026-05-20,2026-05-21,2026-05-22,2026-05-27,2026-05-28,2026-05-29,2026-05-30,2026-06-02,2026-06-03,2026-06-04,2026-06-05,2026-06-08,2026-06-09,2026-06-10,2026-06-11,2026-06-12,2026-06-13,2026-06-16,2026-06-17,2026-06-18,2026-06-19,2026-06-23,2026-06-24,2026-06-25,2026-06-26"
BAC,37,8+,2026-04-26,2026-06-26,False,"2026-04-26,2026-04-28,2026-04-29,2026-05-02,2026-05-03,2026-05-04,2026-05-05,2026-05-06,2026-05-08,2026-05-09,2026-05-12,2026-05-13,2026-05-14,2026-05-15,2026-05-16,2026-05-17,2026-05-19,2026-05-20,2026-05-28,2026-05-29,2026-05-30,2026-06-02,2026-06-03,2026-06-04,2026-06-05,2026-06-08,2026-06-09,2026-06-10,2026-06-11,2026-06-16,2026-06-17,2026-06-18,2026-06-19,2026-06-23,2026-06-24,2026-06-25,2026-06-26"
CCL,37,8+,2026-04-26,2026-06-26,False,"2026-04-26,2026-04-28,2026-05-04,2026-05-05,2026-05-06,2026-05-08,2026-05-09,2026-05-12,2026-05-13,2026-05-14,2026-05-15,2026-05-16,2026-05-17,2026-05-19,2026-05-20,2026-05-21,2026-05-22,2026-05-27,2026-05-28,2026-05-29,2026-05-30,2026-06-02,2026-06-03,2026-06-04,2026-06-05,2026-06-08,2026-06-09,2026-06-10,2026-06-11,2026-06-12,2026-06-13,2026-06-18,2026-06-19,2026-06-23,2026-06-24,2026-06-25,2026-06-26"
MSFT,37,8+,2026-04-26,2026-06-26,False,"2026-04-26,2026-04-28,2026-05-04,2026-05-05,2026-05-06,2026-05-08,2026-05-09,2026-05-12,2026-05-13,2026-05-14,2026-05-15,2026-05-16,2026-05-17,2026-05-20,2026-05-21,2026-05-22,2026-05-27,2026-05-28,2026-05-29,2026-05-30,2026-06-03,2026-06-04,2026-06-05,2026-06-08,2026-06-09,2026-06-10,2026-06-11,2026-06-12,2026-06-13,2026-06-16,2026-06-17,2026-06-18,2026-06-19,2026-06-23,2026-06-24,2026-06-25,2026-06-26"
NIO,37,8+,2026-04-26,2026-06-26,False,"2026-04-26,2026-04-28,2026-05-04,2026-05-05,2026-05-06,2026-05-08,2026-05-09,2026-05-12,2026-05-13,2026-05-15,2026-05-16,2026-05-17,2026-05-19,2026-05-20,2026-05-21,2026-05-22,2026-05-27,2026-05-28,2026-05-29,2026-05-30,2026-06-02,2026-06-04,2026-06-05,2026-06-08,2026-06-09,2026-06-10,2026-06-11,2026-06-12,2026-06-13,2026-06-16,2026-06-17,2026-06-18,2026-06-19,2026-06-23,2026-06-24,2026-06-25,2026-06-26"
QUBT,37,8+,2026-04-26,2026-06-26,False,"2026-04-26,2026-04-30,2026-05-01,2026-05-02,2026-05-03,2026-05-08,2026-05-09,2026-05-12,2026-05-13,2026-05-14,2026-05-15,2026-05-16,2026-05-17,2026-05-19,2026-05-20,2026-05-21,2026-05-22,2026-05-27,2026-05-28,2026-05-29,2026-05-30,2026-06-02,2026-06-03,2026-06-04,2026-06-05,2026-06-08,2026-06-09,2026-06-10,2026-06-11,2026-06-12,2026-06-17,2026-06-18,2026-06-19,2026-06-23,2026-06-24,2026-06-25,2026-06-26"
SOFI,37,8+,2026-04-26,2026-06-26,False,"2026-04-26,2026-04-28,2026-05-04,2026-05-05,2026-05-06,2026-05-08,2026-05-09,2026-05-12,2026-05-13,2026-05-14,2026-05-15,2026-05-16,2026-05-17,2026-05-19,2026-05-20,2026-05-21,2026-05-22,2026-05-27,2026-05-28,2026-05-29,2026-06-03,2026-06-04,2026-06-05,2026-06-08,2026-06-09,2026-06-10,2026-06-11,2026-06-12,2026-06-13,2026-06-16,2026-06-17,2026-06-18,2026-06-19,2026-06-23,2026-06-24,2026-06-25,2026-06-26"
SOUN,37,8+,2026-04-26,2026-06-26,False,"2026-04-26,2026-04-28,2026-05-05,2026-05-06,2026-05-08,2026-05-09,2026-05-12,2026-05-13,2026-05-14,2026-05-15,2026-05-16,2026-05-17,2026-05-19,2026-05-20,2026-05-21,2026-05-22,2026-05-27,2026-05-28,2026-05-29,2026-05-30,2026-06-03,2026-06-04,2026-06-05,2026-06-08,2026-06-09,2026-06-10,2026-06-11,2026-06-12,2026-06-13,2026-06-16,2026-06-17,2026-06-18,2026-06-19,2026-06-23,2026-06-24,2026-06-25,2026-06-26"
VG,37,8+,2026-04-26,2026-06-26,False,"2026-04-26,2026-04-28,2026-05-05,2026-05-06,2026-05-08,2026-05-09,2026-05-12,2026-05-13,2026-05-14,2026-05-15,2026-05-16,2026-05-17,2026-05-19,2026-05-20,2026-05-21,2026-05-22,2026-05-27,2026-05-28,2026-05-29,2026-05-30,2026-06-02,2026-06-04,2026-06-05,2026-06-08,2026-06-09,2026-06-10,2026-06-11,2026-06-12,2026-06-13,2026-06-16,2026-06-17,2026-06-18,2026-06-19,2026-06-23,2026-06-24,2026-06-25,2026-06-26"
WBD,37,8+,2026-04-26,2026-06-26,False,"2026-04-26,2026-04-28,2026-05-06,2026-05-08,2026-05-09,2026-05-12,2026-05-13,2026-05-14,2026-05-15,2026-05-16,2026-05-17,2026-05-19,2026-05-20,2026-05-21,2026-05-22,2026-05-27,2026-05-28,2026-05-29,2026-05-30,2026-06-02,2026-06-03,2026-06-04,2026-06-05,2026-06-08,2026-06-09,2026-06-10,2026-06-11,2026-06-12,2026-06-13,2026-06-16,2026-06-17,2026-06-18,2026-06-19,2026-06-23,2026-06-24,2026-06-25,2026-06-26"
ACHR,36,8+,2026-04-26,2026-06-26,False,"2026-04-26,2026-04-28,2026-05-04,2026-05-05,2026-05-06,2026-05-08,2026-05-09,2026-05-12,2026-05-13,2026-05-14,2026-05-15,2026-05-16,2026-05-17,2026-05-19,2026-05-20,2026-05-21,2026-05-22,2026-05-30,2026-06-02,2026-06-03,2026-06-04,2026-06-05,2026-06-08,2026-06-09,2026-06-10,2026-06-11,2026-06-12,2026-06-13,2026-06-16,2026-06-17,2026-06-18,2026-06-19,2026-06-23,2026-06-24,2026-06-25,2026-06-26"
AVGO,36,8+,2026-04-26,2026-06-26,False,"2026-04-26,2026-04-28,2026-05-05,2026-05-06,2026-05-08,2026-05-09,2026-05-12,2026-05-13,2026-05-14,2026-05-15,2026-05-16,2026-05-17,2026-05-19,2026-05-20,2026-05-21,2026-05-22,2026-05-27,2026-05-28,2026-05-29,2026-05-30,2026-06-04,2026-06-05,2026-06-08,2026-06-09,2026-06-10,2026-06-11,2026-06-12,2026-06-13,2026-06-16,2026-06-17,2026-06-18,2026-06-19,2026-06-23,2026-06-24,2026-06-25,2026-06-26"
CPNG,36,8+,2026-04-26,2026-06-26,False,"2026-04-26,2026-04-28,2026-05-05,2026-05-06,2026-05-08,2026-05-09,2026-05-12,2026-05-13,2026-05-14,2026-05-15,2026-05-16,2026-05-17,2026-05-19,2026-05-20,2026-05-21,2026-05-22,2026-05-27,2026-05-28,2026-05-29,2026-05-30,2026-06-02,2026-06-04,2026-06-05,2026-06-08,2026-06-09,2026-06-10,2026-06-11,2026-06-12,2026-06-13,2026-06-16,2026-06-17,2026-06-19,2026-06-23,2026-06-24,2026-06-25,2026-06-26"
KVUE,36,8+,2026-04-28,2026-06-25,False,"2026-04-28,2026-04-29,2026-04-30,2026-05-01,2026-05-02,2026-05-03,2026-05-05,2026-05-06,2026-05-09,2026-05-12,2026-05-13,2026-05-14,2026-05-15,2026-05-16,2026-05-17,2026-05-19,2026-05-20,2026-05-21,2026-05-22,2026-05-27,2026-05-28,2026-05-29,2026-05-30,2026-06-02,2026-06-03,2026-06-04,2026-06-05,2026-06-08,2026-06-09,2026-06-10,2026-06-11,2026-06-18,2026-06-19,2026-06-23,2026-06-24,2026-06-25"
LUNR,36,8+,2026-04-26,2026-06-26,False,"2026-04-26,2026-04-28,2026-05-06,2026-05-08,2026-05-09,2026-05-12,2026-05-13,2026-05-14,2026-05-15,2026-05-16,2026-05-17,2026-05-19,2026-05-20,2026-05-21,2026-05-22,2026-05-27,2026-05-28,2026-05-29,2026-05-30,2026-06-02,2026-06-03,2026-06-04,2026-06-05,2026-06-08,2026-06-09,2026-06-10,2026-06-12,2026-06-13,2026-06-16,2026-06-17,2026-06-18,2026-06-19,2026-06-23,2026-06-24,2026-06-25,2026-06-26"
LYFT,36,8+,2026-04-26,2026-06-26,False,"2026-04-26,2026-04-28,2026-05-05,2026-05-06,2026-05-08,2026-05-09,2026-05-12,2026-05-13,2026-05-14,2026-05-15,2026-05-16,2026-05-17,2026-05-19,2026-05-20,2026-05-21,2026-05-22,2026-05-27,2026-05-28,2026-05-29,2026-06-03,2026-06-04,2026-06-05,2026-06-08,2026-06-09,2026-06-10,2026-06-11,2026-06-12,2026-06-13,2026-06-16,2026-06-17,2026-06-18,2026-06-19,2026-06-23,2026-06-24,2026-06-25,2026-06-26"
NCLH,36,8+,2026-04-26,2026-06-26,False,"2026-04-26,2026-04-28,2026-05-04,2026-05-05,2026-05-06,2026-05-08,2026-05-09,2026-05-12,2026-05-13,2026-05-14,2026-05-15,2026-05-16,2026-05-17,2026-05-19,2026-05-20,2026-05-21,2026-05-22,2026-05-27,2026-05-28,2026-05-29,2026-06-02,2026-06-03,2026-06-04,2026-06-05,2026-06-08,2026-06-09,2026-06-10,2026-06-11,2026-06-12,2026-06-13,2026-06-18,2026-06-19,2026-06-23,2026-06-24,2026-06-25,2026-06-26"
NOW,36,8+,2026-04-26,2026-06-26,False,"2026-04-26,2026-04-28,2026-05-04,2026-05-05,2026-05-06,2026-05-08,2026-05-09,2026-05-12,2026-05-13,2026-05-14,2026-05-15,2026-05-16,2026-05-17,2026-05-20,2026-05-21,2026-05-22,2026-05-27,2026-05-28,2026-05-29,2026-06-03,2026-06-04,2026-06-05,2026-06-08,2026-06-09,2026-06-10,2026-06-11,2026-06-12,2026-06-13,2026-06-16,2026-06-17,2026-06-18,2026-06-19,2026-06-23,2026-06-24,2026-06-25,2026-06-26"
POET,36,8+,2026-04-26,2026-06-26,False,"2026-04-26,2026-04-28,2026-05-05,2026-05-06,2026-05-08,2026-05-09,2026-05-12,2026-05-13,2026-05-14,2026-05-15,2026-05-16,2026-05-17,2026-05-19,2026-05-20,2026-05-21,2026-05-22,2026-05-27,2026-05-28,2026-05-29,2026-05-30,2026-06-02,2026-06-03,2026-06-04,2026-06-05,2026-06-08,2026-06-09,2026-06-10,2026-06-11,2026-06-12,2026-06-17,2026-06-18,2026-06-19,2026-06-23,2026-06-24,2026-06-25,2026-06-26"
QXO,36,8+,2026-04-26,2026-06-26,False,"2026-04-26,2026-04-28,2026-05-05,2026-05-06,2026-05-08,2026-05-09,2026-05-12,2026-05-13,2026-05-14,2026-05-15,2026-05-16,2026-05-17,2026-05-19,2026-05-20,2026-05-21,2026-05-22,2026-05-27,2026-05-28,2026-05-29,2026-05-30,2026-06-02,2026-06-03,2026-06-04,2026-06-05,2026-06-08,2026-06-09,2026-06-10,2026-06-11,2026-06-12,2026-06-13,2026-06-18,2026-06-19,2026-06-23,2026-06-24,2026-06-25,2026-06-26"
RKT,36,8+,2026-04-26,2026-06-25,False,"2026-04-26,2026-04-28,2026-05-05,2026-05-06,2026-05-08,2026-05-09,2026-05-12,2026-05-13,2026-05-14,2026-05-15,2026-05-16,2026-05-17,2026-05-19,2026-05-20,2026-05-21,2026-05-22,2026-05-27,2026-05-28,2026-05-29,2026-06-02,2026-06-03,2026-06-04,2026-06-05,2026-06-08,2026-06-09,2026-06-10,2026-06-11,2026-06-12,2026-06-13,2026-06-16,2026-06-17,2026-06-18,2026-06-19,2026-06-23,2026-06-24,2026-06-25"
AGNC,35,8+,2026-04-26,2026-06-25,False,"2026-04-26,2026-04-28,2026-05-05,2026-05-06,2026-05-08,2026-05-09,2026-05-12,2026-05-13,2026-05-14,2026-05-15,2026-05-16,2026-05-17,2026-05-19,2026-05-20,2026-05-21,2026-05-22,2026-05-27,2026-05-28,2026-05-29,2026-05-30,2026-06-02,2026-06-03,2026-06-04,2026-06-05,2026-06-08,2026-06-09,2026-06-10,2026-06-11,2026-06-12,2026-06-13,2026-06-18,2026-06-19,2026-06-23,2026-06-24,2026-06-25"
CAG,35,8+,2026-04-26,2026-06-25,False,"2026-04-26,2026-04-28,2026-05-05,2026-05-06,2026-05-09,2026-05-12,2026-05-13,2026-05-14,2026-05-15,2026-05-16,2026-05-17,2026-05-19,2026-05-20,2026-05-21,2026-05-22,2026-05-27,2026-05-28,2026-05-29,2026-05-30,2026-06-02,2026-06-03,2026-06-04,2026-06-05,2026-06-08,2026-06-09,2026-06-10,2026-06-11,2026-06-12,2026-06-16,2026-06-17,2026-06-18,2026-06-19,2026-06-23,2026-06-24,2026-06-25"
CDE,35,8+,2026-04-26,2026-06-26,False,"2026-04-26,2026-04-28,2026-05-05,2026-05-06,2026-05-08,2026-05-09,2026-05-12,2026-05-14,2026-05-15,2026-05-16,2026-05-17,2026-05-19,2026-05-20,2026-05-21,2026-05-22,2026-05-27,2026-05-28,2026-05-29,2026-05-30,2026-06-02,2026-06-03,2026-06-04,2026-06-05,2026-06-08,2026-06-09,2026-06-10,2026-06-11,2026-06-12,2026-06-13,2026-06-18,2026-06-19,2026-06-23,2026-06-24,2026-06-25,2026-06-26"
CRM,35,8+,2026-04-26,2026-06-26,False,"2026-04-26,2026-04-28,2026-05-06,2026-05-08,2026-05-09,2026-05-13,2026-05-14,2026-05-15,2026-05-16,2026-05-17,2026-05-20,2026-05-21,2026-05-22,2026-05-27,2026-05-28,2026-05-29,2026-05-30,2026-06-02,2026-06-03,2026-06-04,2026-06-05,2026-06-08,2026-06-09,2026-06-10,2026-06-11,2026-06-12,2026-06-13,2026-06-16,2026-06-17,2026-06-18,2026-06-19,2026-06-23,2026-06-24,2026-06-25,2026-06-26"
HL,35,8+,2026-04-26,2026-06-26,False,"2026-04-26,2026-05-05,2026-05-06,2026-05-08,2026-05-09,2026-05-12,2026-05-13,2026-05-14,2026-05-15,2026-05-16,2026-05-17,2026-05-19,2026-05-20,2026-05-21,2026-05-22,2026-05-27,2026-05-28,2026-05-29,2026-05-30,2026-06-02,2026-06-03,2026-06-04,2026-06-05,2026-06-08,2026-06-09,2026-06-10,2026-06-11,2026-06-12,2026-06-13,2026-06-18,2026-06-19,2026-06-23,2026-06-24,2026-06-25,2026-06-26"
IREN,35,8+,2026-04-26,2026-06-26,False,"2026-04-26,2026-04-28,2026-05-08,2026-05-09,2026-05-12,2026-05-13,2026-05-14,2026-05-15,2026-05-16,2026-05-17,2026-05-19,2026-05-20,2026-05-21,2026-05-22,2026-05-27,2026-05-28,2026-05-29,2026-05-30,2026-06-02,2026-06-03,2026-06-04,2026-06-05,2026-06-08,2026-06-09,2026-06-10,2026-06-11,2026-06-12,2026-06-13,2026-06-17,2026-06-18,2026-06-19,2026-06-23,2026-06-24,2026-06-25,2026-06-26"
MU,35,8+,2026-04-26,2026-06-26,False,"2026-04-26,2026-04-28,2026-05-04,2026-05-05,2026-05-08,2026-05-09,2026-05-12,2026-05-13,2026-05-14,2026-05-15,2026-05-16,2026-05-17,2026-05-19,2026-05-20,2026-05-21,2026-05-22,2026-05-27,2026-05-28,2026-05-29,2026-05-30,2026-06-02,2026-06-05,2026-06-08,2026-06-09,2026-06-10,2026-06-11,2026-06-12,2026-06-13,2026-06-16,2026-06-17,2026-06-18,2026-06-19,2026-06-24,2026-06-25,2026-06-26"
NKE,35,8+,2026-04-26,2026-06-26,False,"2026-04-26,2026-04-28,2026-05-05,2026-05-06,2026-05-08,2026-05-09,2026-05-12,2026-05-13,2026-05-14,2026-05-15,2026-05-16,2026-05-17,2026-05-19,2026-05-20,2026-05-21,2026-05-22,2026-05-30,2026-06-02,2026-06-03,2026-06-04,2026-06-05,2026-06-08,2026-06-09,2026-06-10,2026-06-11,2026-06-12,2026-06-13,2026-06-16,2026-06-17,2026-06-18,2026-06-19,2026-06-23,2026-06-24,2026-06-25,2026-06-26"
WMT,35,8+,2026-04-26,2026-06-26,False,"2026-04-26,2026-04-28,2026-05-05,2026-05-06,2026-05-08,2026-05-09,2026-05-12,2026-05-13,2026-05-14,2026-05-16,2026-05-17,2026-05-19,2026-05-20,2026-05-21,2026-05-22,2026-05-27,2026-05-28,2026-05-29,2026-05-30,2026-06-02,2026-06-03,2026-06-04,2026-06-05,2026-06-10,2026-06-11,2026-06-12,2026-06-13,2026-06-16,2026-06-17,2026-06-18,2026-06-19,2026-06-23,2026-06-24,2026-06-25,2026-06-26"
AAOI,34,8+,2026-04-26,2026-06-26,False,"2026-04-26,2026-04-28,2026-05-05,2026-05-06,2026-05-08,2026-05-09,2026-05-12,2026-05-13,2026-05-15,2026-05-19,2026-05-21,2026-05-22,2026-05-27,2026-05-28,2026-05-29,2026-05-30,2026-06-02,2026-06-03,2026-06-04,2026-06-05,2026-06-08,2026-06-09,2026-06-10,2026-06-11,2026-06-12,2026-06-13,2026-06-16,2026-06-17,2026-06-18,2026-06-19,2026-06-23,2026-06-24,2026-06-25,2026-06-26"
ABT,34,8+,2026-04-26,2026-06-26,False,"2026-04-26,2026-04-28,2026-05-05,2026-05-06,2026-05-08,2026-05-09,2026-05-12,2026-05-13,2026-05-14,2026-05-15,2026-05-16,2026-05-17,2026-05-19,2026-05-20,2026-05-27,2026-05-28,2026-05-29,2026-05-30,2026-06-02,2026-06-03,2026-06-04,2026-06-05,2026-06-09,2026-06-10,2026-06-11,2026-06-12,2026-06-13,2026-06-16,2026-06-17,2026-06-18,2026-06-19,2026-06-24,2026-06-25,2026-06-26"
CLF,34,8+,2026-04-26,2026-06-26,False,"2026-04-26,2026-04-28,2026-05-05,2026-05-06,2026-05-08,2026-05-09,2026-05-12,2026-05-13,2026-05-14,2026-05-15,2026-05-16,2026-05-17,2026-05-19,2026-05-20,2026-05-21,2026-05-22,2026-06-02,2026-06-03,2026-06-04,2026-06-05,2026-06-08,2026-06-09,2026-06-10,2026-06-11,2026-06-12,2026-06-13,2026-06-16,2026-06-17,2026-06-18,2026-06-19,2026-06-23,2026-06-24,2026-06-25,2026-06-26"
FIG,34,8+,2026-04-26,2026-06-26,False,"2026-04-26,2026-04-28,2026-05-06,2026-05-08,2026-05-09,2026-05-12,2026-05-13,2026-05-14,2026-05-15,2026-05-16,2026-05-17,2026-05-20,2026-05-21,2026-05-22,2026-05-27,2026-05-28,2026-05-29,2026-05-30,2026-06-03,2026-06-04,2026-06-05,2026-06-08,2026-06-09,2026-06-10,2026-06-11,2026-06-12,2026-06-13,2026-06-16,2026-06-17,2026-06-18,2026-06-19,2026-06-24,2026-06-25,2026-06-26"
HPQ,34,8+,2026-04-26,2026-06-26,False,"2026-04-26,2026-04-28,2026-05-05,2026-05-06,2026-05-08,2026-05-09,2026-05-12,2026-05-13,2026-05-14,2026-05-15,2026-05-16,2026-05-17,2026-05-19,2026-05-27,2026-05-28,2026-05-29,2026-05-30,2026-06-02,2026-06-03,2026-06-04,2026-06-05,2026-06-08,2026-06-09,2026-06-10,2026-06-11,2026-06-12,2026-06-13,2026-06-16,2026-06-17,2026-06-18,2026-06-19,2026-06-23,2026-06-25,2026-06-26"
LUMN,34,8+,2026-04-26,2026-06-26,False,"2026-04-26,2026-05-02,2026-05-03,2026-05-06,2026-05-08,2026-05-09,2026-05-12,2026-05-14,2026-05-16,2026-05-17,2026-05-19,2026-05-20,2026-05-21,2026-05-22,2026-05-27,2026-05-28,2026-05-29,2026-05-30,2026-06-02,2026-06-03,2026-06-04,2026-06-05,2026-06-08,2026-06-09,2026-06-10,2026-06-12,2026-06-16,2026-06-17,2026-06-18,2026-06-19,2026-06-23,2026-06-24,2026-06-25,2026-06-26"
MARA,34,8+,2026-04-26,2026-06-26,False,"2026-04-26,2026-04-28,2026-05-04,2026-05-05,2026-05-06,2026-05-08,2026-05-09,2026-05-12,2026-05-13,2026-05-14,2026-05-15,2026-05-16,2026-05-17,2026-05-19,2026-05-20,2026-05-21,2026-05-30,2026-06-02,2026-06-03,2026-06-04,2026-06-05,2026-06-08,2026-06-09,2026-06-10,2026-06-11,2026-06-12,2026-06-13,2026-06-17,2026-06-18,2026-06-19,2026-06-23,2026-06-24,2026-06-25,2026-06-26"
META,34,8+,2026-04-26,2026-06-26,False,"2026-04-26,2026-04-28,2026-05-05,2026-05-06,2026-05-08,2026-05-09,2026-05-12,2026-05-13,2026-05-14,2026-05-16,2026-05-17,2026-05-19,2026-05-20,2026-05-21,2026-05-22,2026-05-30,2026-06-02,2026-06-03,2026-06-04,2026-06-05,2026-06-08,2026-06-09,2026-06-10,2026-06-11,2026-06-12,2026-06-13,2026-06-16,2026-06-17,2026-06-18,2026-06-19,2026-06-23,2026-06-24,2026-06-25,2026-06-26"
NU,34,8+,2026-04-26,2026-06-26,False,"2026-04-26,2026-04-28,2026-05-05,2026-05-06,2026-05-08,2026-05-09,2026-05-12,2026-05-13,2026-05-14,2026-05-15,2026-05-16,2026-05-17,2026-05-19,2026-05-20,2026-05-21,2026-05-22,2026-05-27,2026-05-28,2026-05-29,2026-06-02,2026-06-03,2026-06-04,2026-06-05,2026-06-08,2026-06-09,2026-06-10,2026-06-11,2026-06-12,2026-06-13,2026-06-19,2026-06-23,2026-06-24,2026-06-25,2026-06-26"
PATH,34,8+,2026-04-26,2026-06-26,False,"2026-04-26,2026-04-28,2026-05-04,2026-05-05,2026-05-06,2026-05-08,2026-05-09,2026-05-12,2026-05-13,2026-05-14,2026-05-15,2026-05-16,2026-05-17,2026-05-20,2026-05-21,2026-05-22,2026-05-27,2026-06-03,2026-06-04,2026-06-05,2026-06-08,2026-06-09,2026-06-10,2026-06-11,2026-06-12,2026-06-13,2026-06-16,2026-06-17,2026-06-18,2026-06-19,2026-06-23,2026-06-24,2026-06-25,2026-06-26"
PCG,34,8+,2026-04-26,2026-06-26,False,"2026-04-26,2026-04-28,2026-05-05,2026-05-06,2026-05-08,2026-05-09,2026-05-12,2026-05-13,2026-05-14,2026-05-15,2026-05-16,2026-05-17,2026-05-19,2026-05-20,2026-05-21,2026-05-22,2026-05-27,2026-05-28,2026-05-29,2026-05-30,2026-06-02,2026-06-03,2026-06-04,2026-06-05,2026-06-08,2026-06-09,2026-06-10,2026-06-11,2026-06-16,2026-06-17,2026-06-18,2026-06-19,2026-06-23,2026-06-26"
QCOM,34,8+,2026-04-26,2026-06-26,False,"2026-04-26,2026-04-28,2026-05-04,2026-05-05,2026-05-06,2026-05-13,2026-05-14,2026-05-15,2026-05-16,2026-05-17,2026-05-19,2026-05-20,2026-05-21,2026-05-22,2026-05-28,2026-05-29,2026-05-30,2026-06-02,2026-06-03,2026-06-04,2026-06-05,2026-06-08,2026-06-09,2026-06-10,2026-06-11,2026-06-12,2026-06-13,2026-06-17,2026-06-18,2026-06-19,2026-06-23,2026-06-24,2026-06-25,2026-06-26"
RIG,34,8+,2026-04-26,2026-06-26,False,"2026-04-26,2026-04-28,2026-05-05,2026-05-06,2026-05-08,2026-05-09,2026-05-12,2026-05-13,2026-05-14,2026-05-15,2026-05-20,2026-05-21,2026-05-22,2026-05-27,2026-05-28,2026-05-29,2026-05-30,2026-06-02,2026-06-03,2026-06-04,2026-06-05,2026-06-08,2026-06-09,2026-06-10,2026-06-11,2026-06-12,2026-06-16,2026-06-17,2026-06-18,2026-06-19,2026-06-23,2026-06-24,2026-06-25,2026-06-26"
SMCI,34,8+,2026-04-26,2026-06-26,False,"2026-04-26,2026-04-28,2026-05-04,2026-05-05,2026-05-06,2026-05-08,2026-05-09,2026-05-12,2026-05-13,2026-05-14,2026-05-15,2026-05-16,2026-05-17,2026-05-19,2026-05-20,2026-05-21,2026-05-22,2026-05-27,2026-06-04,2026-06-05,2026-06-08,2026-06-09,2026-06-10,2026-06-11,2026-06-12,2026-06-13,2026-06-16,2026-06-17,2026-06-18,2026-06-19,2026-06-23,2026-06-24,2026-06-25,2026-06-26"
CMG,33,8+,2026-04-26,2026-06-25,False,"2026-04-26,2026-04-28,2026-05-05,2026-05-06,2026-05-09,2026-05-12,2026-05-13,2026-05-14,2026-05-15,2026-05-16,2026-05-17,2026-05-19,2026-05-20,2026-05-21,2026-05-22,2026-05-27,2026-05-28,2026-05-29,2026-05-30,2026-06-02,2026-06-03,2026-06-04,2026-06-05,2026-06-08,2026-06-09,2026-06-10,2026-06-11,2026-06-17,2026-06-18,2026-06-19,2026-06-23,2026-06-24,2026-06-25"
LCID,33,8+,2026-04-26,2026-06-26,False,"2026-04-26,2026-04-28,2026-05-06,2026-05-08,2026-05-09,2026-05-12,2026-05-13,2026-05-14,2026-05-15,2026-05-16,2026-05-17,2026-05-19,2026-05-20,2026-05-21,2026-05-22,2026-05-27,2026-05-28,2026-05-29,2026-06-03,2026-06-04,2026-06-05,2026-06-08,2026-06-09,2026-06-10,2026-06-11,2026-06-12,2026-06-13,2026-06-17,2026-06-18,2026-06-19,2026-06-23,2026-06-24,2026-06-26"
NBIS,33,8+,2026-04-26,2026-06-26,False,"2026-04-26,2026-04-28,2026-05-04,2026-05-05,2026-05-06,2026-05-08,2026-05-09,2026-05-12,2026-05-13,2026-05-14,2026-05-15,2026-05-16,2026-05-17,2026-05-19,2026-05-20,2026-05-21,2026-05-22,2026-05-27,2026-05-28,2026-05-29,2026-06-03,2026-06-04,2026-06-05,2026-06-08,2026-06-09,2026-06-10,2026-06-11,2026-06-12,2026-06-13,2026-06-23,2026-06-24,2026-06-25,2026-06-26"
NVDA,33,8+,2026-04-26,2026-06-26,False,"2026-04-26,2026-04-28,2026-05-04,2026-05-05,2026-05-06,2026-05-08,2026-05-16,2026-05-17,2026-05-19,2026-05-20,2026-05-21,2026-05-22,2026-05-27,2026-05-28,2026-05-29,2026-05-30,2026-06-02,2026-06-03,2026-06-04,2026-06-05,2026-06-08,2026-06-09,2026-06-10,2026-06-11,2026-06-12,2026-06-13,2026-06-17,2026-06-18,2026-06-19,2026-06-23,2026-06-24,2026-06-25,2026-06-26"
ON,33,8+,2026-04-28,2026-06-24,False,"2026-04-28,2026-04-29,2026-04-30,2026-05-01,2026-05-05,2026-05-06,2026-05-08,2026-05-09,2026-05-12,2026-05-13,2026-05-14,2026-05-15,2026-05-16,2026-05-17,2026-05-19,2026-05-20,2026-05-21,2026-05-27,2026-05-28,2026-05-29,2026-06-02,2026-06-03,2026-06-05,2026-06-08,2026-06-09,2026-06-10,2026-06-11,2026-06-12,2026-06-17,2026-06-18,2026-06-19,2026-06-23,2026-06-24"
PLTR,33,8+,2026-04-26,2026-06-26,False,"2026-04-26,2026-04-28,2026-05-06,2026-05-08,2026-05-09,2026-05-12,2026-05-13,2026-05-14,2026-05-15,2026-05-16,2026-05-17,2026-05-22,2026-05-27,2026-05-28,2026-05-29,2026-05-30,2026-06-03,2026-06-04,2026-06-05,2026-06-08,2026-06-09,2026-06-10,2026-06-11,2026-06-12,2026-06-13,2026-06-16,2026-06-17,2026-06-18,2026-06-19,2026-06-23,2026-06-24,2026-06-25,2026-06-26"
PYPL,33,8+,2026-05-05,2026-06-26,False,"2026-05-05,2026-05-06,2026-05-08,2026-05-09,2026-05-12,2026-05-13,2026-05-14,2026-05-15,2026-05-16,2026-05-17,2026-05-19,2026-05-20,2026-05-21,2026-05-22,2026-05-27,2026-05-28,2026-05-29,2026-05-30,2026-06-03,2026-06-04,2026-06-05,2026-06-08,2026-06-09,2026-06-10,2026-06-11,2026-06-12,2026-06-13,2026-06-18,2026-06-19,2026-06-23,2026-06-24,2026-06-25,2026-06-26"
RKLB,33,8+,2026-04-26,2026-06-26,False,"2026-04-26,2026-04-28,2026-05-05,2026-05-06,2026-05-08,2026-05-09,2026-05-12,2026-05-16,2026-05-17,2026-05-19,2026-05-20,2026-05-21,2026-05-22,2026-05-27,2026-05-30,2026-06-02,2026-06-03,2026-06-04,2026-06-05,2026-06-08,2026-06-09,2026-06-10,2026-06-11,2026-06-12,2026-06-13,2026-06-16,2026-06-17,2026-06-18,2026-06-19,2026-06-23,2026-06-24,2026-06-25,2026-06-26"
TSLA,33,8+,2026-04-26,2026-06-26,False,"2026-04-26,2026-04-28,2026-05-04,2026-05-05,2026-05-06,2026-05-08,2026-05-13,2026-05-14,2026-05-15,2026-05-16,2026-05-17,2026-05-19,2026-05-20,2026-05-21,2026-05-22,2026-05-30,2026-06-02,2026-06-03,2026-06-04,2026-06-05,2026-06-08,2026-06-09,2026-06-10,2026-06-11,2026-06-12,2026-06-13,2026-06-17,2026-06-18,2026-06-19,2026-06-23,2026-06-24,2026-06-25,2026-06-26"
WFC,33,8+,2026-04-26,2026-06-24,False,"2026-04-26,2026-04-28,2026-05-05,2026-05-06,2026-05-08,2026-05-09,2026-05-12,2026-05-13,2026-05-14,2026-05-15,2026-05-16,2026-05-17,2026-05-19,2026-05-20,2026-05-28,2026-05-29,2026-05-30,2026-06-02,2026-06-03,2026-06-04,2026-06-05,2026-06-08,2026-06-09,2026-06-10,2026-06-11,2026-06-12,2026-06-13,2026-06-16,2026-06-17,2026-06-18,2026-06-19,2026-06-23,2026-06-24"
CIFR,32,8+,2026-04-26,2026-06-26,False,"2026-04-26,2026-04-28,2026-05-04,2026-05-05,2026-05-06,2026-05-08,2026-05-09,2026-05-12,2026-05-13,2026-05-14,2026-05-15,2026-05-16,2026-05-17,2026-05-19,2026-05-20,2026-05-21,2026-05-22,2026-05-30,2026-06-02,2026-06-03,2026-06-04,2026-06-05,2026-06-08,2026-06-09,2026-06-10,2026-06-11,2026-06-12,2026-06-13,2026-06-23,2026-06-24,2026-06-25,2026-06-26"
CRCL,32,8+,2026-04-28,2026-06-26,False,"2026-04-28,2026-05-04,2026-05-05,2026-05-06,2026-05-08,2026-05-09,2026-05-12,2026-05-13,2026-05-14,2026-05-15,2026-05-16,2026-05-17,2026-05-19,2026-05-20,2026-05-22,2026-05-27,2026-05-30,2026-06-02,2026-06-03,2026-06-04,2026-06-05,2026-06-08,2026-06-09,2026-06-10,2026-06-13,2026-06-16,2026-06-17,2026-06-18,2026-06-19,2026-06-23,2026-06-25,2026-06-26"
CSX,32,8+,2026-04-26,2026-06-26,False,"2026-04-26,2026-04-28,2026-05-05,2026-05-06,2026-05-08,2026-05-09,2026-05-13,2026-05-14,2026-05-15,2026-05-16,2026-05-17,2026-05-21,2026-05-22,2026-05-27,2026-05-28,2026-05-29,2026-05-30,2026-06-02,2026-06-03,2026-06-05,2026-06-08,2026-06-09,2026-06-11,2026-06-12,2026-06-13,2026-06-16,2026-06-17,2026-06-18,2026-06-19,2026-06-24,2026-06-25,2026-06-26"
F,32,8+,2026-04-26,2026-06-26,False,"2026-04-26,2026-04-28,2026-05-04,2026-05-05,2026-05-06,2026-05-12,2026-05-13,2026-05-14,2026-05-15,2026-05-16,2026-05-17,2026-05-19,2026-05-20,2026-05-21,2026-06-02,2026-06-03,2026-06-04,2026-06-05,2026-06-08,2026-06-09,2026-06-10,2026-06-11,2026-06-12,2026-06-13,2026-06-16,2026-06-17,2026-06-18,2026-06-19,2026-06-23,2026-06-24,2026-06-25,2026-06-26"
FCX,32,8+,2026-04-26,2026-06-26,False,"2026-04-26,2026-04-28,2026-05-05,2026-05-06,2026-05-08,2026-05-09,2026-05-12,2026-05-15,2026-05-16,2026-05-17,2026-05-19,2026-05-20,2026-05-21,2026-05-22,2026-05-27,2026-05-30,2026-06-02,2026-06-03,2026-06-04,2026-06-05,2026-06-08,2026-06-09,2026-06-10,2026-06-11,2026-06-12,2026-06-13,2026-06-18,2026-06-19,2026-06-23,2026-06-24,2026-06-25,2026-06-26"
GOOG,32,8+,2026-05-05,2026-06-26,False,"2026-05-05,2026-05-06,2026-05-12,2026-05-13,2026-05-14,2026-05-15,2026-05-16,2026-05-17,2026-05-19,2026-05-20,2026-05-21,2026-05-22,2026-05-27,2026-05-28,2026-05-29,2026-05-30,2026-06-02,2026-06-03,2026-06-04,2026-06-05,2026-06-08,2026-06-09,2026-06-10,2026-06-11,2026-06-12,2026-06-13,2026-06-18,2026-06-19,2026-06-23,2026-06-24,2026-06-25,2026-06-26"
HBAN,32,8+,2026-04-26,2026-06-23,False,"2026-04-26,2026-04-28,2026-05-05,2026-05-06,2026-05-08,2026-05-09,2026-05-12,2026-05-13,2026-05-14,2026-05-15,2026-05-16,2026-05-17,2026-05-19,2026-05-20,2026-05-21,2026-05-22,2026-05-28,2026-05-29,2026-05-30,2026-06-02,2026-06-03,2026-06-04,2026-06-05,2026-06-08,2026-06-09,2026-06-10,2026-06-11,2026-06-16,2026-06-17,2026-06-18,2026-06-19,2026-06-23"
HPE,32,8+,2026-04-26,2026-06-26,False,"2026-04-26,2026-05-05,2026-05-06,2026-05-08,2026-05-09,2026-05-12,2026-05-13,2026-05-14,2026-05-15,2026-05-16,2026-05-17,2026-05-19,2026-05-21,2026-05-22,2026-05-28,2026-05-29,2026-05-30,2026-06-04,2026-06-05,2026-06-08,2026-06-09,2026-06-10,2026-06-11,2026-06-12,2026-06-13,2026-06-17,2026-06-18,2026-06-19,2026-06-23,2026-06-24,2026-06-25,2026-06-26"
MRVL,32,8+,2026-04-26,2026-06-26,False,"2026-04-26,2026-04-28,2026-05-05,2026-05-06,2026-05-08,2026-05-09,2026-05-12,2026-05-13,2026-05-14,2026-05-15,2026-05-16,2026-05-17,2026-05-19,2026-05-20,2026-05-21,2026-05-28,2026-05-29,2026-05-30,2026-06-08,2026-06-09,2026-06-10,2026-06-11,2026-06-12,2026-06-13,2026-06-16,2026-06-17,2026-06-18,2026-06-19,2026-06-23,2026-06-24,2026-06-25,2026-06-26"
OKLO,32,8+,2026-04-26,2026-06-26,False,"2026-04-26,2026-04-28,2026-05-06,2026-05-08,2026-05-09,2026-05-12,2026-05-13,2026-05-14,2026-05-15,2026-05-16,2026-05-17,2026-05-19,2026-05-20,2026-05-21,2026-05-22,2026-05-28,2026-05-29,2026-05-30,2026-06-02,2026-06-03,2026-06-04,2026-06-05,2026-06-08,2026-06-09,2026-06-10,2026-06-12,2026-06-16,2026-06-18,2026-06-19,2026-06-24,2026-06-25,2026-06-26"
SLB,32,8+,2026-04-28,2026-06-26,False,"2026-04-28,2026-05-05,2026-05-06,2026-05-08,2026-05-09,2026-05-12,2026-05-14,2026-05-16,2026-05-17,2026-05-19,2026-05-20,2026-05-21,2026-05-27,2026-05-28,2026-05-29,2026-05-30,2026-06-02,2026-06-03,2026-06-08,2026-06-09,2026-06-10,2026-06-11,2026-06-12,2026-06-13,2026-06-16,2026-06-17,2026-06-18,2026-06-19,2026-06-23,2026-06-24,2026-06-25,2026-06-26"
TSCO,32,8+,2026-04-26,2026-06-26,False,"2026-04-26,2026-04-28,2026-05-05,2026-05-06,2026-05-08,2026-05-09,2026-05-12,2026-05-13,2026-05-14,2026-05-15,2026-05-16,2026-05-17,2026-05-20,2026-05-21,2026-05-27,2026-05-28,2026-05-29,2026-06-03,2026-06-04,2026-06-05,2026-06-10,2026-06-11,2026-06-12,2026-06-13,2026-06-16,2026-06-17,2026-06-18,2026-06-19,2026-06-23,2026-06-24,2026-06-25,2026-06-26"
VZ,32,8+,2026-04-26,2026-06-26,False,"2026-04-26,2026-04-28,2026-05-05,2026-05-06,2026-05-08,2026-05-09,2026-05-12,2026-05-14,2026-05-15,2026-05-16,2026-05-17,2026-05-19,2026-05-20,2026-05-28,2026-05-29,2026-05-30,2026-06-02,2026-06-03,2026-06-04,2026-06-05,2026-06-08,2026-06-09,2026-06-12,2026-06-13,2026-06-16,2026-06-17,2026-06-18,2026-06-19,2026-06-23,2026-06-24,2026-06-25,2026-06-26"
IBRX,31,8+,2026-04-26,2026-06-26,False,"2026-04-26,2026-04-28,2026-05-08,2026-05-09,2026-05-12,2026-05-13,2026-05-14,2026-05-15,2026-05-16,2026-05-17,2026-05-19,2026-05-20,2026-05-21,2026-05-22,2026-05-27,2026-05-28,2026-05-29,2026-05-30,2026-06-02,2026-06-03,2026-06-08,2026-06-09,2026-06-10,2026-06-11,2026-06-17,2026-06-18,2026-06-19,2026-06-23,2026-06-24,2026-06-25,2026-06-26"
MCHP,31,8+,2026-04-26,2026-06-26,False,"2026-04-26,2026-04-28,2026-05-08,2026-05-09,2026-05-12,2026-05-13,2026-05-14,2026-05-16,2026-05-17,2026-05-19,2026-05-21,2026-05-27,2026-05-28,2026-05-29,2026-05-30,2026-06-02,2026-06-03,2026-06-04,2026-06-05,2026-06-08,2026-06-09,2026-06-10,2026-06-11,2026-06-12,2026-06-17,2026-06-18,2026-06-19,2026-06-23,2026-06-24,2026-06-25,2026-06-26"
RIOT,31,8+,2026-04-26,2026-06-26,False,"2026-04-26,2026-04-28,2026-04-29,2026-04-30,2026-05-01,2026-05-02,2026-05-03,2026-05-09,2026-05-12,2026-05-13,2026-05-14,2026-05-15,2026-05-16,2026-05-17,2026-05-19,2026-05-20,2026-05-21,2026-05-22,2026-05-30,2026-06-02,2026-06-03,2026-06-04,2026-06-05,2026-06-08,2026-06-09,2026-06-10,2026-06-11,2026-06-12,2026-06-13,2026-06-25,2026-06-26"
RIVN,31,8+,2026-04-26,2026-06-26,False,"2026-04-26,2026-04-28,2026-05-04,2026-05-05,2026-05-06,2026-05-08,2026-05-09,2026-05-12,2026-05-13,2026-05-14,2026-05-15,2026-05-16,2026-05-17,2026-05-19,2026-05-20,2026-05-21,2026-05-22,2026-06-08,2026-06-09,2026-06-10,2026-06-11,2026-06-12,2026-06-13,2026-06-16,2026-06-17,2026-06-18,2026-06-19,2026-06-23,2026-06-24,2026-06-25,2026-06-26"
XOM,31,8+,2026-04-26,2026-06-26,False,"2026-04-26,2026-04-28,2026-05-05,2026-05-06,2026-05-08,2026-05-09,2026-05-12,2026-05-13,2026-05-21,2026-05-22,2026-05-27,2026-05-28,2026-05-29,2026-05-30,2026-06-02,2026-06-03,2026-06-05,2026-06-08,2026-06-09,2026-06-10,2026-06-11,2026-06-12,2026-06-13,2026-06-16,2026-06-17,2026-06-18,2026-06-19,2026-06-23,2026-06-24,2026-06-25,2026-06-26"
COMP,30,8+,2026-04-28,2026-06-25,False,"2026-04-28,2026-05-05,2026-05-06,2026-05-08,2026-05-09,2026-05-12,2026-05-13,2026-05-14,2026-05-15,2026-05-16,2026-05-17,2026-05-19,2026-05-20,2026-05-21,2026-05-22,2026-05-27,2026-05-28,2026-05-29,2026-06-02,2026-06-04,2026-06-05,2026-06-09,2026-06-10,2026-06-12,2026-06-13,2026-06-18,2026-06-19,2026-06-23,2026-06-24,2026-06-25"
DVN,30,8+,2026-04-26,2026-06-26,False,"2026-04-26,2026-05-05,2026-05-06,2026-05-08,2026-05-09,2026-05-12,2026-05-21,2026-05-22,2026-05-27,2026-05-28,2026-05-29,2026-05-30,2026-06-02,2026-06-03,2026-06-04,2026-06-05,2026-06-08,2026-06-09,2026-06-10,2026-06-11,2026-06-12,2026-06-13,2026-06-16,2026-06-17,2026-06-18,2026-06-19,2026-06-23,2026-06-24,2026-06-25,2026-06-26"
GLW,30,8+,2026-04-28,2026-06-26,False,"2026-04-28,2026-05-06,2026-05-13,2026-05-14,2026-05-15,2026-05-16,2026-05-17,2026-05-19,2026-05-20,2026-05-21,2026-05-22,2026-05-28,2026-05-29,2026-05-30,2026-06-02,2026-06-03,2026-06-04,2026-06-05,2026-06-08,2026-06-09,2026-06-10,2026-06-11,2026-06-12,2026-06-13,2026-06-17,2026-06-19,2026-06-23,2026-06-24,2026-06-25,2026-06-26"
SCHW,30,8+,2026-04-26,2026-06-26,False,"2026-04-26,2026-05-08,2026-05-09,2026-05-12,2026-05-14,2026-05-15,2026-05-16,2026-05-17,2026-05-21,2026-05-28,2026-05-29,2026-05-30,2026-06-02,2026-06-03,2026-06-04,2026-06-05,2026-06-08,2026-06-09,2026-06-10,2026-06-11,2026-06-12,2026-06-13,2026-06-16,2026-06-17,2026-06-18,2026-06-19,2026-06-23,2026-06-24,2026-06-25,2026-06-26"
SNDK,30,8+,2026-04-26,2026-06-26,False,"2026-04-26,2026-04-28,2026-05-08,2026-05-09,2026-05-12,2026-05-13,2026-05-14,2026-05-15,2026-05-16,2026-05-17,2026-05-19,2026-05-20,2026-05-22,2026-05-27,2026-05-28,2026-05-29,2026-06-04,2026-06-05,2026-06-08,2026-06-09,2026-06-10,2026-06-11,2026-06-12,2026-06-13,2026-06-17,2026-06-19,2026-06-23,2026-06-24,2026-06-25,2026-06-26"
TPH,30,8+,2026-05-14,2026-06-26,False,"2026-05-14,2026-05-15,2026-05-16,2026-05-17,2026-05-19,2026-05-20,2026-05-21,2026-05-22,2026-05-27,2026-05-28,2026-05-29,2026-05-30,2026-06-02,2026-06-03,2026-06-04,2026-06-05,2026-06-08,2026-06-09,2026-06-10,2026-06-11,2026-06-12,2026-06-13,2026-06-16,2026-06-17,2026-06-18,2026-06-19,2026-06-23,2026-06-24,2026-06-25,2026-06-26"
ASTS,29,8+,2026-04-26,2026-06-26,False,"2026-04-26,2026-04-28,2026-05-05,2026-05-06,2026-05-08,2026-05-09,2026-05-12,2026-05-13,2026-05-14,2026-05-15,2026-05-30,2026-06-02,2026-06-03,2026-06-04,2026-06-05,2026-06-08,2026-06-09,2026-06-10,2026-06-11,2026-06-12,2026-06-13,2026-06-16,2026-06-17,2026-06-18,2026-06-19,2026-06-23,2026-06-24,2026-06-25,2026-06-26"
CSCO,29,8+,2026-04-26,2026-06-26,False,"2026-04-26,2026-04-28,2026-05-06,2026-05-08,2026-05-09,2026-05-20,2026-05-21,2026-05-22,2026-05-27,2026-05-28,2026-05-29,2026-05-30,2026-06-02,2026-06-04,2026-06-05,2026-06-08,2026-06-09,2026-06-10,2026-06-11,2026-06-12,2026-06-13,2026-06-16,2026-06-17,2026-06-18,2026-06-19,2026-06-23,2026-06-24,2026-06-25,2026-06-26"
DKNG,29,8+,2026-04-26,2026-06-26,False,"2026-04-26,2026-04-28,2026-05-05,2026-05-06,2026-05-08,2026-05-09,2026-05-12,2026-05-13,2026-05-14,2026-05-16,2026-05-17,2026-05-22,2026-05-27,2026-05-28,2026-05-29,2026-05-30,2026-06-02,2026-06-08,2026-06-09,2026-06-10,2026-06-11,2026-06-13,2026-06-16,2026-06-17,2026-06-18,2026-06-19,2026-06-24,2026-06-25,2026-06-26"
RBLX,29,8+,2026-04-26,2026-06-26,False,"2026-04-26,2026-05-05,2026-05-06,2026-05-08,2026-05-09,2026-05-12,2026-05-13,2026-05-14,2026-05-16,2026-05-17,2026-05-19,2026-05-20,2026-05-21,2026-05-27,2026-05-30,2026-06-02,2026-06-03,2026-06-08,2026-06-09,2026-06-10,2026-06-12,2026-06-13,2026-06-16,2026-06-17,2026-06-18,2026-06-19,2026-06-23,2026-06-24,2026-06-26"
AAL,28,8+,2026-04-26,2026-06-23,False,"2026-04-26,2026-04-28,2026-05-04,2026-05-05,2026-05-06,2026-05-12,2026-05-13,2026-05-14,2026-05-15,2026-05-16,2026-05-17,2026-05-19,2026-05-20,2026-05-21,2026-05-22,2026-05-30,2026-06-02,2026-06-03,2026-06-04,2026-06-05,2026-06-08,2026-06-09,2026-06-11,2026-06-12,2026-06-13,2026-06-18,2026-06-19,2026-06-23"
BABA,28,8+,2026-04-26,2026-06-26,False,"2026-04-26,2026-05-06,2026-05-08,2026-05-09,2026-05-12,2026-05-13,2026-05-14,2026-05-15,2026-05-16,2026-05-17,2026-05-19,2026-05-22,2026-05-30,2026-06-02,2026-06-03,2026-06-08,2026-06-09,2026-06-10,2026-06-11,2026-06-12,2026-06-16,2026-06-17,2026-06-18,2026-06-19,2026-06-23,2026-06-24,2026-06-25,2026-06-26"
CLSK,28,8+,2026-04-28,2026-06-26,False,"2026-04-28,2026-05-05,2026-05-06,2026-05-08,2026-05-09,2026-05-12,2026-05-13,2026-05-14,2026-05-15,2026-05-16,2026-05-17,2026-05-19,2026-05-20,2026-06-03,2026-06-04,2026-06-05,2026-06-08,2026-06-09,2026-06-10,2026-06-11,2026-06-12,2026-06-13,2026-06-18,2026-06-19,2026-06-23,2026-06-24,2026-06-25,2026-06-26"
CORZ,28,8+,2026-04-26,2026-06-26,False,"2026-04-26,2026-04-28,2026-05-08,2026-05-09,2026-05-12,2026-05-13,2026-05-14,2026-05-15,2026-05-16,2026-05-17,2026-05-19,2026-05-20,2026-05-22,2026-05-30,2026-06-02,2026-06-03,2026-06-04,2026-06-05,2026-06-08,2026-06-09,2026-06-10,2026-06-11,2026-06-12,2026-06-18,2026-06-19,2026-06-23,2026-06-25,2026-06-26"
KHC,28,8+,2026-04-26,2026-06-25,False,"2026-04-26,2026-04-28,2026-05-05,2026-05-06,2026-05-12,2026-05-13,2026-05-14,2026-05-15,2026-05-16,2026-05-17,2026-05-19,2026-05-20,2026-05-21,2026-05-22,2026-05-30,2026-06-02,2026-06-03,2026-06-04,2026-06-05,2026-06-08,2026-06-09,2026-06-16,2026-06-17,2026-06-18,2026-06-19,2026-06-23,2026-06-24,2026-06-25"
KO,28,8+,2026-04-26,2026-06-26,False,"2026-04-26,2026-04-28,2026-05-05,2026-05-06,2026-05-08,2026-05-09,2026-05-13,2026-05-21,2026-05-22,2026-05-27,2026-05-28,2026-05-29,2026-05-30,2026-06-02,2026-06-03,2026-06-04,2026-06-05,2026-06-08,2026-06-09,2026-06-12,2026-06-13,2026-06-16,2026-06-17,2026-06-18,2026-06-19,2026-06-23,2026-06-24,2026-06-26"
CNH,27,8+,2026-04-26,2026-06-26,False,"2026-04-26,2026-04-28,2026-05-05,2026-05-06,2026-05-13,2026-05-14,2026-05-15,2026-05-16,2026-05-17,2026-05-19,2026-05-21,2026-05-22,2026-05-28,2026-05-29,2026-05-30,2026-06-02,2026-06-03,2026-06-04,2026-06-05,2026-06-09,2026-06-11,2026-06-12,2026-06-13,2026-06-17,2026-06-18,2026-06-25,2026-06-26"
DOW,26,8+,2026-04-26,2026-06-26,False,"2026-04-26,2026-04-28,2026-05-06,2026-05-08,2026-05-09,2026-05-16,2026-05-17,2026-05-21,2026-05-22,2026-05-27,2026-05-28,2026-05-29,2026-05-30,2026-06-02,2026-06-03,2026-06-10,2026-06-11,2026-06-12,2026-06-13,2026-06-16,2026-06-17,2026-06-19,2026-06-23,2026-06-24,2026-06-25,2026-06-26"
INFQ,26,8+,2026-05-06,2026-06-26,False,"2026-05-06,2026-05-16,2026-05-17,2026-05-19,2026-05-22,2026-05-27,2026-05-28,2026-05-29,2026-05-30,2026-06-02,2026-06-03,2026-06-04,2026-06-05,2026-06-08,2026-06-09,2026-06-10,2026-06-11,2026-06-12,2026-06-13,2026-06-16,2026-06-17,2026-06-18,2026-06-19,2026-06-23,2026-06-25,2026-06-26"
RF,26,8+,2026-05-08,2026-06-24,False,"2026-05-08,2026-05-09,2026-05-12,2026-05-13,2026-05-14,2026-05-15,2026-05-16,2026-05-17,2026-05-21,2026-05-28,2026-05-29,2026-05-30,2026-06-02,2026-06-03,2026-06-04,2026-06-05,2026-06-08,2026-06-09,2026-06-12,2026-06-13,2026-06-16,2026-06-17,2026-06-18,2026-06-19,2026-06-23,2026-06-24"
BE,25,8+,2026-04-29,2026-06-26,False,"2026-04-29,2026-04-30,2026-05-01,2026-05-02,2026-05-03,2026-05-05,2026-05-08,2026-05-09,2026-05-12,2026-05-14,2026-05-16,2026-05-17,2026-05-19,2026-05-21,2026-05-22,2026-05-30,2026-06-02,2026-06-03,2026-06-08,2026-06-09,2026-06-10,2026-06-11,2026-06-24,2026-06-25,2026-06-26"
FRSH,25,8+,2026-05-06,2026-06-26,False,"2026-05-06,2026-05-08,2026-05-09,2026-05-12,2026-05-13,2026-05-14,2026-05-15,2026-05-16,2026-05-17,2026-05-27,2026-05-28,2026-05-29,2026-05-30,2026-06-03,2026-06-10,2026-06-11,2026-06-12,2026-06-13,2026-06-16,2026-06-17,2026-06-18,2026-06-19,2026-06-23,2026-06-24,2026-06-26"
NEE,25,8+,2026-04-26,2026-06-25,False,"2026-04-26,2026-05-08,2026-05-16,2026-05-17,2026-05-19,2026-05-20,2026-05-21,2026-05-22,2026-05-27,2026-05-28,2026-05-29,2026-05-30,2026-06-02,2026-06-03,2026-06-04,2026-06-05,2026-06-08,2026-06-09,2026-06-10,2026-06-13,2026-06-18,2026-06-19,2026-06-23,2026-06-24,2026-06-25"
TOST,25,8+,2026-04-26,2026-06-26,False,"2026-04-26,2026-05-05,2026-05-06,2026-05-08,2026-05-09,2026-05-12,2026-05-13,2026-05-14,2026-05-15,2026-05-16,2026-05-17,2026-05-19,2026-05-20,2026-05-21,2026-05-27,2026-06-03,2026-06-04,2026-06-05,2026-06-08,2026-06-09,2026-06-10,2026-06-18,2026-06-23,2026-06-25,2026-06-26"
UAMY,25,8+,2026-04-26,2026-06-12,False,"2026-04-26,2026-04-28,2026-05-05,2026-05-06,2026-05-08,2026-05-09,2026-05-12,2026-05-13,2026-05-14,2026-05-15,2026-05-16,2026-05-17,2026-05-20,2026-05-21,2026-05-22,2026-05-27,2026-06-02,2026-06-03,2026-06-04,2026-06-05,2026-06-08,2026-06-09,2026-06-10,2026-06-11,2026-06-12"
ARM,24,8+,2026-04-28,2026-06-24,False,"2026-04-28,2026-04-29,2026-05-06,2026-05-08,2026-05-09,2026-05-12,2026-05-16,2026-05-17,2026-05-20,2026-05-28,2026-05-29,2026-05-30,2026-06-03,2026-06-04,2026-06-05,2026-06-08,2026-06-09,2026-06-10,2026-06-13,2026-06-17,2026-06-18,2026-06-19,2026-06-23,2026-06-24"
AXTI,24,8+,2026-04-26,2026-06-26,False,"2026-04-26,2026-04-28,2026-05-06,2026-05-08,2026-05-09,2026-05-16,2026-05-17,2026-05-19,2026-05-20,2026-05-22,2026-05-30,2026-06-02,2026-06-03,2026-06-08,2026-06-09,2026-06-10,2026-06-11,2026-06-12,2026-06-17,2026-06-19,2026-06-23,2026-06-24,2026-06-25,2026-06-26"
CRML,24,8+,2026-04-26,2026-06-09,False,"2026-04-26,2026-04-28,2026-04-29,2026-04-30,2026-05-01,2026-05-02,2026-05-03,2026-05-04,2026-05-05,2026-05-06,2026-05-08,2026-05-09,2026-05-12,2026-05-13,2026-05-15,2026-05-21,2026-05-22,2026-05-27,2026-06-02,2026-06-03,2026-06-04,2026-06-05,2026-06-08,2026-06-09"
EQX,24,8+,2026-04-26,2026-06-26,False,"2026-04-26,2026-05-08,2026-05-14,2026-05-15,2026-05-16,2026-05-17,2026-05-20,2026-05-21,2026-05-30,2026-06-02,2026-06-03,2026-06-04,2026-06-05,2026-06-08,2026-06-09,2026-06-10,2026-06-11,2026-06-12,2026-06-13,2026-06-18,2026-06-19,2026-06-24,2026-06-25,2026-06-26"
KEY,24,8+,2026-04-26,2026-06-24,False,"2026-04-26,2026-05-05,2026-05-06,2026-05-08,2026-05-15,2026-05-16,2026-05-17,2026-05-28,2026-05-29,2026-05-30,2026-06-02,2026-06-03,2026-06-04,2026-06-05,2026-06-08,2026-06-09,2026-06-11,2026-06-12,2026-06-13,2026-06-16,2026-06-17,2026-06-18,2026-06-23,2026-06-24"
PL,24,8+,2026-04-26,2026-06-26,False,"2026-04-26,2026-05-08,2026-05-09,2026-05-12,2026-05-19,2026-05-27,2026-05-30,2026-06-02,2026-06-03,2026-06-04,2026-06-05,2026-06-08,2026-06-09,2026-06-10,2026-06-11,2026-06-12,2026-06-13,2026-06-16,2026-06-17,2026-06-18,2026-06-19,2026-06-24,2026-06-25,2026-06-26"
PURR,24,8+,2026-05-15,2026-06-26,False,"2026-05-15,2026-05-16,2026-05-17,2026-05-20,2026-05-21,2026-05-22,2026-05-27,2026-05-28,2026-05-29,2026-05-30,2026-06-04,2026-06-05,2026-06-08,2026-06-09,2026-06-10,2026-06-11,2026-06-12,2026-06-13,2026-06-18,2026-06-19,2026-06-23,2026-06-24,2026-06-25,2026-06-26"
CPRT,23,8+,2026-05-19,2026-06-25,False,"2026-05-19,2026-05-21,2026-05-22,2026-05-27,2026-05-28,2026-05-29,2026-05-30,2026-06-02,2026-06-03,2026-06-04,2026-06-05,2026-06-08,2026-06-09,2026-06-10,2026-06-11,2026-06-12,2026-06-16,2026-06-17,2026-06-18,2026-06-19,2026-06-23,2026-06-24,2026-06-25"
OXY,23,8+,2026-05-05,2026-06-24,False,"2026-05-05,2026-05-06,2026-05-08,2026-05-09,2026-05-12,2026-05-13,2026-05-16,2026-05-17,2026-05-21,2026-05-22,2026-05-27,2026-05-28,2026-05-29,2026-05-30,2026-06-02,2026-06-03,2026-06-10,2026-06-12,2026-06-13,2026-06-16,2026-06-17,2026-06-19,2026-06-24"
ADT,22,8+,2026-05-04,2026-06-09,False,"2026-05-04,2026-05-05,2026-05-06,2026-05-08,2026-05-09,2026-05-12,2026-05-13,2026-05-14,2026-05-16,2026-05-17,2026-05-19,2026-05-20,2026-05-21,2026-05-22,2026-05-27,2026-05-28,2026-05-29,2026-06-02,2026-06-03,2026-06-04,2026-06-05,2026-06-09"
BMY,22,8+,2026-04-28,2026-06-26,False,"2026-04-28,2026-05-05,2026-05-06,2026-05-09,2026-05-13,2026-05-16,2026-05-17,2026-05-28,2026-05-29,2026-05-30,2026-06-02,2026-06-03,2026-06-04,2026-06-05,2026-06-09,2026-06-16,2026-06-17,2026-06-19,2026-06-23,2026-06-24,2026-06-25,2026-06-26"
FLNC,22,8+,2026-05-13,2026-06-24,False,"2026-05-13,2026-05-14,2026-05-15,2026-05-16,2026-05-17,2026-05-19,2026-05-20,2026-05-30,2026-06-02,2026-06-03,2026-06-04,2026-06-05,2026-06-08,2026-06-09,2026-06-10,2026-06-11,2026-06-12,2026-06-13,2026-06-17,2026-06-19,2026-06-23,2026-06-24"
KDP,22,8+,2026-04-28,2026-06-26,False,"2026-04-28,2026-05-06,2026-05-08,2026-05-09,2026-05-12,2026-05-13,2026-05-20,2026-05-21,2026-06-02,2026-06-03,2026-06-05,2026-06-08,2026-06-09,2026-06-12,2026-06-13,2026-06-16,2026-06-18,2026-06-19,2026-06-23,2026-06-24,2026-06-25,2026-06-26"
UEC,22,8+,2026-04-28,2026-06-23,False,"2026-04-28,2026-05-06,2026-05-12,2026-05-13,2026-05-16,2026-05-17,2026-05-19,2026-05-20,2026-05-21,2026-05-27,2026-06-03,2026-06-04,2026-06-08,2026-06-09,2026-06-10,2026-06-11,2026-06-12,2026-06-13,2026-06-17,2026-06-18,2026-06-19,2026-06-23"
CELH,21,8+,2026-05-06,2026-06-18,False,"2026-05-06,2026-05-08,2026-05-09,2026-05-12,2026-05-13,2026-05-14,2026-05-16,2026-05-17,2026-05-19,2026-05-21,2026-05-27,2026-05-28,2026-05-29,2026-06-02,2026-06-05,2026-06-08,2026-06-09,2026-06-10,2026-06-16,2026-06-17,2026-06-18"
CHWY,21,8+,2026-05-08,2026-06-26,False,"2026-05-08,2026-05-09,2026-05-12,2026-05-14,2026-05-20,2026-05-21,2026-05-22,2026-05-27,2026-06-09,2026-06-10,2026-06-11,2026-06-12,2026-06-13,2026-06-16,2026-06-17,2026-06-18,2026-06-19,2026-06-23,2026-06-24,2026-06-25,2026-06-26"
CVNA,21,8+,2026-05-14,2026-06-26,False,"2026-05-14,2026-05-16,2026-05-17,2026-05-19,2026-05-20,2026-05-21,2026-05-22,2026-05-27,2026-05-30,2026-06-02,2026-06-03,2026-06-04,2026-06-05,2026-06-12,2026-06-13,2026-06-16,2026-06-18,2026-06-19,2026-06-24,2026-06-25,2026-06-26"
PR,21,8+,2026-04-26,2026-06-26,False,"2026-04-26,2026-04-28,2026-05-05,2026-05-06,2026-05-08,2026-05-09,2026-05-13,2026-05-15,2026-05-16,2026-05-17,2026-05-28,2026-05-29,2026-06-13,2026-06-16,2026-06-17,2026-06-18,2026-06-19,2026-06-23,2026-06-24,2026-06-25,2026-06-26"
RCAT,21,8+,2026-04-26,2026-06-26,False,"2026-04-26,2026-05-06,2026-05-12,2026-05-14,2026-05-15,2026-05-19,2026-05-20,2026-06-04,2026-06-05,2026-06-08,2026-06-09,2026-06-10,2026-06-12,2026-06-13,2026-06-16,2026-06-17,2026-06-18,2026-06-19,2026-06-23,2026-06-25,2026-06-26"
UUUU,21,8+,2026-04-26,2026-06-25,False,"2026-04-26,2026-05-05,2026-05-06,2026-05-08,2026-05-09,2026-05-12,2026-05-13,2026-05-20,2026-05-21,2026-05-22,2026-06-02,2026-06-03,2026-06-04,2026-06-08,2026-06-09,2026-06-10,2026-06-12,2026-06-19,2026-06-23,2026-06-24,2026-06-25"
ET,20,8+,2026-04-26,2026-06-24,False,"2026-04-26,2026-05-04,2026-05-05,2026-05-06,2026-05-08,2026-05-09,2026-05-12,2026-05-13,2026-05-16,2026-05-17,2026-05-20,2026-05-21,2026-05-27,2026-05-30,2026-06-08,2026-06-09,2026-06-12,2026-06-16,2026-06-19,2026-06-24"
MDT,20,8+,2026-05-05,2026-06-26,False,"2026-05-05,2026-05-06,2026-05-08,2026-05-09,2026-05-12,2026-05-14,2026-05-16,2026-05-17,2026-05-19,2026-05-20,2026-05-28,2026-05-29,2026-05-30,2026-06-02,2026-06-03,2026-06-04,2026-06-05,2026-06-08,2026-06-09,2026-06-26"
WEN,20,8+,2026-05-12,2026-06-26,False,"2026-05-12,2026-05-13,2026-05-14,2026-05-15,2026-05-16,2026-05-17,2026-05-19,2026-05-20,2026-05-21,2026-05-22,2026-05-27,2026-05-28,2026-05-29,2026-06-03,2026-06-04,2026-06-08,2026-06-09,2026-06-23,2026-06-25,2026-06-26"
C,19,8+,2026-05-05,2026-06-26,False,"2026-05-05,2026-05-06,2026-05-08,2026-05-09,2026-05-20,2026-06-02,2026-06-04,2026-06-05,2026-06-08,2026-06-09,2026-06-10,2026-06-11,2026-06-12,2026-06-13,2026-06-19,2026-06-23,2026-06-24,2026-06-25,2026-06-26"
GIS,19,8+,2026-05-06,2026-06-25,False,"2026-05-06,2026-05-09,2026-05-12,2026-05-13,2026-05-15,2026-05-16,2026-05-17,2026-05-20,2026-05-27,2026-05-30,2026-06-03,2026-06-04,2026-06-05,2026-06-08,2026-06-09,2026-06-19,2026-06-23,2026-06-24,2026-06-25"
MRK,19,8+,2026-04-28,2026-06-24,False,"2026-04-28,2026-05-13,2026-05-16,2026-05-17,2026-05-22,2026-05-27,2026-06-02,2026-06-05,2026-06-08,2026-06-09,2026-06-10,2026-06-11,2026-06-12,2026-06-13,2026-06-16,2026-06-17,2026-06-19,2026-06-23,2026-06-24"
SATL,19,8+,2026-05-06,2026-06-19,False,"2026-05-06,2026-05-09,2026-05-12,2026-05-13,2026-05-15,2026-05-19,2026-05-21,2026-05-22,2026-05-27,2026-05-28,2026-05-29,2026-05-30,2026-06-04,2026-06-05,2026-06-10,2026-06-12,2026-06-13,2026-06-17,2026-06-19"
FCEL,18,8+,2026-05-06,2026-06-26,False,"2026-05-06,2026-05-09,2026-05-12,2026-05-16,2026-05-17,2026-05-19,2026-05-21,2026-05-22,2026-05-27,2026-05-28,2026-05-29,2026-06-03,2026-06-08,2026-06-09,2026-06-10,2026-06-17,2026-06-25,2026-06-26"
LRCX,18,8+,2026-04-26,2026-06-26,False,"2026-04-26,2026-05-06,2026-05-16,2026-05-17,2026-05-22,2026-05-30,2026-06-08,2026-06-09,2026-06-10,2026-06-11,2026-06-12,2026-06-13,2026-06-17,2026-06-18,2026-06-19,2026-06-24,2026-06-25,2026-06-26"
VTRS,18,8+,2026-04-26,2026-06-23,False,"2026-04-26,2026-05-05,2026-05-09,2026-05-12,2026-05-13,2026-05-14,2026-05-16,2026-05-17,2026-05-20,2026-05-21,2026-05-27,2026-05-30,2026-06-02,2026-06-09,2026-06-12,2026-06-16,2026-06-19,2026-06-23"
BTDR,17,8+,2026-05-15,2026-06-25,False,"2026-05-15,2026-05-20,2026-05-22,2026-05-27,2026-05-28,2026-05-29,2026-05-30,2026-06-02,2026-06-03,2026-06-08,2026-06-09,2026-06-10,2026-06-11,2026-06-12,2026-06-18,2026-06-23,2026-06-25"
CCC,17,8+,2026-04-26,2026-06-19,False,"2026-04-26,2026-04-28,2026-05-06,2026-05-09,2026-05-14,2026-05-15,2026-05-27,2026-06-02,2026-06-03,2026-06-04,2026-06-05,2026-06-08,2026-06-09,2026-06-10,2026-06-17,2026-06-18,2026-06-19"
COIN,17,8+,2026-05-06,2026-06-25,False,"2026-05-06,2026-05-09,2026-05-12,2026-05-13,2026-05-15,2026-05-16,2026-05-17,2026-05-19,2026-05-30,2026-06-02,2026-06-03,2026-06-04,2026-06-05,2026-06-08,2026-06-09,2026-06-19,2026-06-25"
GTM,17,8+,2026-05-09,2026-06-05,False,"2026-05-09,2026-05-12,2026-05-13,2026-05-14,2026-05-15,2026-05-16,2026-05-17,2026-05-21,2026-05-22,2026-05-27,2026-05-28,2026-05-29,2026-05-30,2026-06-02,2026-06-03,2026-06-04,2026-06-05"
JD,17,8+,2026-05-06,2026-06-26,False,"2026-05-06,2026-05-12,2026-05-13,2026-05-15,2026-05-16,2026-05-17,2026-05-19,2026-05-20,2026-05-22,2026-05-27,2026-06-02,2026-06-03,2026-06-17,2026-06-23,2026-06-24,2026-06-25,2026-06-26"
APH,16,8+,2026-05-06,2026-06-24,False,"2026-05-06,2026-05-09,2026-05-12,2026-05-13,2026-05-14,2026-05-15,2026-05-16,2026-05-17,2026-05-19,2026-05-20,2026-06-03,2026-06-10,2026-06-11,2026-06-12,2026-06-13,2026-06-24"
SHOP,16,8+,2026-05-05,2026-06-25,False,"2026-05-05,2026-05-06,2026-05-08,2026-05-09,2026-05-12,2026-05-13,2026-05-14,2026-05-15,2026-05-16,2026-05-17,2026-05-20,2026-05-22,2026-06-03,2026-06-19,2026-06-24,2026-06-25"
ZETA,16,8+,2026-05-05,2026-06-26,False,"2026-05-05,2026-05-06,2026-05-20,2026-05-28,2026-05-29,2026-05-30,2026-06-04,2026-06-05,2026-06-08,2026-06-09,2026-06-13,2026-06-16,2026-06-18,2026-06-24,2026-06-25,2026-06-26"
ANET,15,8+,2026-05-06,2026-06-19,False,"2026-05-06,2026-05-08,2026-05-09,2026-05-12,2026-05-13,2026-05-14,2026-05-15,2026-05-16,2026-05-17,2026-05-21,2026-05-22,2026-05-30,2026-06-08,2026-06-09,2026-06-19"
CPB,15,8+,2026-04-26,2026-06-25,False,"2026-04-26,2026-05-22,2026-06-04,2026-06-05,2026-06-08,2026-06-09,2026-06-10,2026-06-11,2026-06-12,2026-06-17,2026-06-18,2026-06-19,2026-06-23,2026-06-24,2026-06-25"
CTSH,15,8+,2026-05-20,2026-06-26,False,"2026-05-20,2026-05-27,2026-05-28,2026-05-29,2026-06-03,2026-06-08,2026-06-09,2026-06-16,2026-06-17,2026-06-18,2026-06-19,2026-06-23,2026-06-24,2026-06-25,2026-06-26"
CVX,15,8+,2026-04-26,2026-06-25,False,"2026-04-26,2026-05-06,2026-05-08,2026-05-09,2026-05-12,2026-05-21,2026-05-22,2026-05-27,2026-05-28,2026-05-29,2026-05-30,2026-06-12,2026-06-19,2026-06-23,2026-06-25"
DIS,15,8+,2026-05-06,2026-06-26,False,"2026-05-06,2026-05-08,2026-05-17,2026-05-30,2026-06-05,2026-06-08,2026-06-09,2026-06-12,2026-06-17,2026-06-18,2026-06-19,2026-06-23,2026-06-24,2026-06-25,2026-06-26"
MDLN,15,8+,2026-05-06,2026-06-19,False,"2026-05-06,2026-05-08,2026-05-09,2026-05-22,2026-05-27,2026-05-30,2026-06-02,2026-06-03,2026-06-04,2026-06-05,2026-06-10,2026-06-13,2026-06-16,2026-06-18,2026-06-19"
PDD,15,8+,2026-05-06,2026-06-26,False,"2026-05-06,2026-05-14,2026-05-22,2026-05-27,2026-05-28,2026-05-29,2026-05-30,2026-06-02,2026-06-04,2026-06-05,2026-06-09,2026-06-12,2026-06-19,2026-06-24,2026-06-26"
PSKY,15,8+,2026-04-28,2026-06-19,False,"2026-04-28,2026-05-05,2026-05-06,2026-05-08,2026-05-12,2026-05-14,2026-05-15,2026-05-16,2026-05-17,2026-05-20,2026-05-21,2026-06-08,2026-06-09,2026-06-16,2026-06-19"
AMAT,14,8+,2026-05-15,2026-06-26,False,"2026-05-15,2026-05-16,2026-05-17,2026-06-08,2026-06-09,2026-06-10,2026-06-11,2026-06-12,2026-06-17,2026-06-18,2026-06-19,2026-06-24,2026-06-25,2026-06-26"
JPM,14,8+,2026-05-09,2026-06-26,False,"2026-05-09,2026-05-13,2026-05-21,2026-05-28,2026-05-29,2026-06-05,2026-06-08,2026-06-09,2026-06-12,2026-06-17,2026-06-18,2026-06-19,2026-06-23,2026-06-26"
U,14,8+,2026-04-26,2026-06-24,False,"2026-04-26,2026-05-06,2026-05-08,2026-05-09,2026-05-12,2026-05-16,2026-05-17,2026-05-20,2026-05-27,2026-06-03,2026-06-08,2026-06-09,2026-06-10,2026-06-24"
GEN,13,8+,2026-05-06,2026-06-23,False,"2026-05-06,2026-05-08,2026-05-09,2026-05-14,2026-05-16,2026-05-17,2026-05-20,2026-05-21,2026-05-22,2026-05-30,2026-06-02,2026-06-19,2026-06-23"
JBS,13,8+,2026-05-13,2026-06-09,False,"2026-05-13,2026-05-14,2026-05-20,2026-05-22,2026-05-27,2026-05-28,2026-05-29,2026-06-02,2026-06-03,2026-06-04,2026-06-05,2026-06-08,2026-06-09"
PG,13,8+,2026-05-01,2026-06-26,False,"2026-05-01,2026-05-05,2026-05-06,2026-05-15,2026-05-28,2026-05-29,2026-06-02,2026-06-03,2026-06-04,2026-06-08,2026-06-09,2026-06-19,2026-06-26"
RUN,13,8+,2026-05-06,2026-06-26,False,"2026-05-06,2026-05-08,2026-05-09,2026-05-16,2026-05-17,2026-06-02,2026-06-08,2026-06-09,2026-06-10,2026-06-11,2026-06-19,2026-06-25,2026-06-26"
AVTR,12,8+,2026-05-08,2026-06-24,False,"2026-05-08,2026-05-09,2026-05-14,2026-05-15,2026-05-21,2026-05-30,2026-06-02,2026-06-03,2026-06-08,2026-06-09,2026-06-10,2026-06-24"
GT,12,8+,2026-05-08,2026-06-26,False,"2026-05-08,2026-05-12,2026-05-13,2026-05-20,2026-05-22,2026-06-09,2026-06-12,2026-06-13,2026-06-19,2026-06-23,2026-06-25,2026-06-26"
HST,12,8+,2026-05-06,2026-06-25,False,"2026-05-06,2026-05-08,2026-05-16,2026-05-17,2026-06-10,2026-06-11,2026-06-12,2026-06-16,2026-06-17,2026-06-18,2026-06-19,2026-06-25"
KMI,12,8+,2026-04-26,2026-06-23,False,"2026-04-26,2026-04-28,2026-05-05,2026-05-06,2026-05-08,2026-05-13,2026-05-30,2026-06-09,2026-06-10,2026-06-17,2026-06-19,2026-06-23"
MOS,12,8+,2026-04-28,2026-06-26,False,"2026-04-28,2026-05-09,2026-05-12,2026-05-13,2026-05-14,2026-06-11,2026-06-12,2026-06-13,2026-06-16,2026-06-19,2026-06-25,2026-06-26"
SATS,12,8+,2026-05-22,2026-06-24,False,"2026-05-22,2026-05-27,2026-06-08,2026-06-09,2026-06-12,2026-06-13,2026-06-16,2026-06-17,2026-06-18,2026-06-19,2026-06-23,2026-06-24"
VNET,12,8+,2026-05-14,2026-06-10,False,"2026-05-14,2026-05-15,2026-05-16,2026-05-17,2026-05-19,2026-05-22,2026-05-27,2026-05-28,2026-05-29,2026-06-08,2026-06-09,2026-06-10"
AES,11,8+,2026-04-26,2026-06-10,False,"2026-04-26,2026-05-06,2026-05-08,2026-05-09,2026-05-12,2026-05-22,2026-06-02,2026-06-03,2026-06-04,2026-06-09,2026-06-10"
IBM,11,8+,2026-04-26,2026-06-24,False,"2026-04-26,2026-05-22,2026-05-27,2026-05-28,2026-05-29,2026-06-04,2026-06-05,2026-06-08,2026-06-09,2026-06-19,2026-06-24"
JHX,11,8+,2026-05-16,2026-06-25,False,"2026-05-16,2026-05-17,2026-05-21,2026-05-27,2026-05-28,2026-05-29,2026-06-02,2026-06-10,2026-06-12,2026-06-18,2026-06-25"
NEM,11,8+,2026-04-26,2026-06-25,False,"2026-04-26,2026-05-16,2026-05-17,2026-05-20,2026-05-30,2026-06-08,2026-06-09,2026-06-11,2026-06-12,2026-06-18,2026-06-25"
TXN,11,8+,2026-04-26,2026-06-24,False,"2026-04-26,2026-04-28,2026-05-06,2026-05-30,2026-06-02,2026-06-03,2026-06-08,2026-06-09,2026-06-12,2026-06-19,2026-06-24"
ALHC,10,8+,2026-05-02,2026-06-11,False,"2026-05-02,2026-05-03,2026-05-13,2026-05-14,2026-05-15,2026-06-02,2026-06-04,2026-06-05,2026-06-10,2026-06-11"
CRDO,10,8+,2026-06-02,2026-06-24,False,"2026-06-02,2026-06-03,2026-06-04,2026-06-05,2026-06-08,2026-06-09,2026-06-10,2026-06-13,2026-06-19,2026-06-24"
DELL,10,8+,2026-05-09,2026-06-26,False,"2026-05-09,2026-05-12,2026-06-03,2026-06-04,2026-06-05,2026-06-08,2026-06-09,2026-06-10,2026-06-19,2026-06-26"
EXC,10,8+,2026-05-06,2026-06-26,False,"2026-05-06,2026-05-08,2026-05-14,2026-05-16,2026-05-17,2026-05-27,2026-05-30,2026-06-04,2026-06-19,2026-06-26"
FLO,10,8+,2026-05-14,2026-05-29,False,"2026-05-14,2026-05-15,2026-05-16,2026-05-17,2026-05-19,2026-05-20,2026-05-22,2026-05-27,2026-05-28,2026-05-29"
FLY,10,8+,2026-05-09,2026-06-19,False,"2026-05-09,2026-05-19,2026-05-27,2026-05-28,2026-05-29,2026-05-30,2026-06-02,2026-06-12,2026-06-13,2026-06-19"
HTZ,10,8+,2026-04-26,2026-06-25,False,"2026-04-26,2026-04-28,2026-04-30,2026-05-01,2026-05-02,2026-05-03,2026-05-08,2026-05-12,2026-05-14,2026-06-25"
LWLG,10,8+,2026-04-26,2026-06-03,False,"2026-04-26,2026-05-04,2026-05-05,2026-05-06,2026-05-09,2026-05-12,2026-05-14,2026-05-15,2026-05-19,2026-06-03"
MDLZ,10,8+,2026-04-26,2026-06-26,False,"2026-04-26,2026-05-14,2026-05-28,2026-05-29,2026-06-16,2026-06-17,2026-06-19,2026-06-24,2026-06-25,2026-06-26"
PTEN,10,8+,2026-05-06,2026-06-25,False,"2026-05-06,2026-05-28,2026-05-29,2026-06-08,2026-06-09,2026-06-16,2026-06-17,2026-06-18,2026-06-19,2026-06-25"
SBET,10,8+,2026-05-12,2026-06-26,False,"2026-05-12,2026-05-19,2026-06-05,2026-06-08,2026-06-09,2026-06-19,2026-06-23,2026-06-24,2026-06-25,2026-06-26"
SNOW,10,8+,2026-04-26,2026-06-05,False,"2026-04-26,2026-05-08,2026-05-19,2026-05-27,2026-05-28,2026-05-29,2026-05-30,2026-06-03,2026-06-04,2026-06-05"
TFC,10,8+,2026-05-14,2026-06-23,False,"2026-05-14,2026-05-15,2026-06-02,2026-06-03,2026-06-05,2026-06-16,2026-06-17,2026-06-18,2026-06-19,2026-06-23"
VICI,10,8+,2026-05-05,2026-06-26,False,"2026-05-05,2026-05-22,2026-06-02,2026-06-13,2026-06-16,2026-06-19,2026-06-23,2026-06-24,2026-06-25,2026-06-26"
VISN,10,8+,2026-04-29,2026-05-15,False,"2026-04-29,2026-04-30,2026-05-01,2026-05-02,2026-05-03,2026-05-05,2026-05-06,2026-05-08,2026-05-12,2026-05-15"
WOLF,10,8+,2026-05-06,2026-06-19,False,"2026-05-06,2026-05-16,2026-05-17,2026-05-19,2026-05-22,2026-05-28,2026-05-29,2026-06-02,2026-06-10,2026-06-19"
WU,10,8+,2026-04-26,2026-06-24,False,"2026-04-26,2026-04-28,2026-05-14,2026-06-03,2026-06-04,2026-06-05,2026-06-08,2026-06-09,2026-06-16,2026-06-24"
AMPX,9,8+,2026-05-08,2026-06-26,False,"2026-05-08,2026-05-09,2026-05-12,2026-05-21,2026-05-22,2026-06-02,2026-06-03,2026-06-25,2026-06-26"
ENPH,9,8+,2026-05-14,2026-06-19,False,"2026-05-14,2026-05-15,2026-05-19,2026-05-21,2026-05-22,2026-06-08,2026-06-09,2026-06-10,2026-06-19"
GME,9,8+,2026-05-02,2026-06-19,False,"2026-05-02,2026-05-03,2026-05-04,2026-05-05,2026-05-06,2026-05-12,2026-05-13,2026-06-04,2026-06-19"
PANW,9,8+,2026-05-08,2026-06-19,False,"2026-05-08,2026-05-09,2026-05-20,2026-05-30,2026-06-03,2026-06-04,2026-06-05,2026-06-12,2026-06-19"
PEP,9,8+,2026-05-27,2026-06-23,False,"2026-05-27,2026-06-08,2026-06-09,2026-06-10,2026-06-11,2026-06-17,2026-06-18,2026-06-19,2026-06-23"
S,9,8+,2026-05-06,2026-06-05,False,"2026-05-06,2026-05-27,2026-05-28,2026-05-29,2026-05-30,2026-06-02,2026-06-03,2026-06-04,2026-06-05"
BKR,8,8+,2026-04-28,2026-06-26,False,"2026-04-28,2026-05-06,2026-05-08,2026-05-20,2026-05-30,2026-06-19,2026-06-25,2026-06-26"
BORR,8,8+,2026-05-20,2026-06-12,False,"2026-05-20,2026-05-22,2026-05-27,2026-05-28,2026-05-29,2026-06-02,2026-06-10,2026-06-12"
GILD,8,8+,2026-05-09,2026-06-19,False,"2026-05-09,2026-05-30,2026-06-05,2026-06-08,2026-06-09,2026-06-11,2026-06-17,2026-06-19"
INTR,8,8+,2026-05-08,2026-05-30,False,"2026-05-08,2026-05-12,2026-05-13,2026-05-14,2026-05-15,2026-05-28,2026-05-29,2026-05-30"
KLAC,8,8+,2026-06-12,2026-06-26,False,"2026-06-12,2026-06-13,2026-06-17,2026-06-18,2026-06-19,2026-06-24,2026-06-25,2026-06-26"
MO,8,8+,2026-04-26,2026-06-16,False,"2026-04-26,2026-05-05,2026-05-06,2026-05-12,2026-05-27,2026-05-30,2026-06-10,2026-06-16"
NTLA,8,8+,2026-04-28,2026-06-18,False,"2026-04-28,2026-05-15,2026-05-16,2026-05-17,2026-05-19,2026-06-13,2026-06-16,2026-06-18"
USB,8,8+,2026-05-06,2026-06-18,False,"2026-05-06,2026-05-09,2026-05-14,2026-05-16,2026-05-17,2026-06-11,2026-06-16,2026-06-18"
VFC,8,8+,2026-05-16,2026-06-13,False,"2026-05-16,2026-05-17,2026-05-19,2026-05-20,2026-05-21,2026-05-22,2026-06-12,2026-06-13"
VRRM,8,8+,2026-05-28,2026-06-19,False,"2026-05-28,2026-05-29,2026-05-30,2026-06-03,2026-06-04,2026-06-05,2026-06-10,2026-06-19"
VSH,8,8+,2026-05-14,2026-06-19,False,"2026-05-14,2026-06-02,2026-06-03,2026-06-05,2026-06-08,2026-06-09,2026-06-10,2026-06-19"
YMM,8,8+,2026-05-14,2026-06-12,False,"2026-05-14,2026-05-22,2026-05-27,2026-05-28,2026-05-29,2026-05-30,2026-06-03,2026-06-12"
CSGP,7,4-7,2026-05-16,2026-06-19,False,"2026-05-16,2026-05-17,2026-05-19,2026-06-03,2026-06-04,2026-06-18,2026-06-19"
D,7,4-7,2026-05-19,2026-06-23,False,"2026-05-19,2026-05-20,2026-05-21,2026-05-22,2026-05-30,2026-06-19,2026-06-23"
DOC,7,4-7,2026-05-05,2026-06-16,False,"2026-05-05,2026-05-06,2026-05-14,2026-05-16,2026-05-17,2026-05-30,2026-06-16"
KR,7,4-7,2026-05-27,2026-06-24,False,"2026-05-27,2026-05-30,2026-06-11,2026-06-18,2026-06-19,2026-06-23,2026-06-24"
OSCR,7,4-7,2026-05-06,2026-06-09,False,"2026-05-06,2026-05-08,2026-05-14,2026-05-15,2026-05-19,2026-06-08,2026-06-09"
REPL,7,4-7,2026-05-09,2026-06-05,False,"2026-05-09,2026-05-13,2026-05-14,2026-05-15,2026-05-30,2026-06-02,2026-06-05"
UNH,7,4-7,2026-05-16,2026-06-19,False,"2026-05-16,2026-05-17,2026-05-30,2026-06-05,2026-06-08,2026-06-09,2026-06-19"
V,7,4-7,2026-05-12,2026-06-24,False,"2026-05-12,2026-05-20,2026-06-02,2026-06-03,2026-06-19,2026-06-23,2026-06-24"
WDC,7,4-7,2026-05-05,2026-06-26,False,"2026-05-05,2026-05-06,2026-05-12,2026-06-23,2026-06-24,2026-06-25,2026-06-26"
ACI,6,4-7,2026-05-22,2026-06-23,False,"2026-05-22,2026-06-11,2026-06-16,2026-06-17,2026-06-19,2026-06-23"
ACN,6,4-7,2026-05-14,2026-06-26,False,"2026-05-14,2026-06-19,2026-06-23,2026-06-24,2026-06-25,2026-06-26"
AI,6,4-7,2026-05-30,2026-06-09,False,"2026-05-30,2026-06-03,2026-06-04,2026-06-05,2026-06-08,2026-06-09"
AKAM,6,4-7,2026-05-08,2026-05-21,False,"2026-05-08,2026-05-09,2026-05-12,2026-05-14,2026-05-20,2026-05-21"
BA,6,4-7,2026-05-15,2026-06-04,False,"2026-05-15,2026-05-16,2026-05-17,2026-05-28,2026-05-29,2026-06-04"
BKNG,6,4-7,2026-05-06,2026-06-26,False,"2026-05-06,2026-05-12,2026-06-19,2026-06-24,2026-06-25,2026-06-26"
COP,6,4-7,2026-04-26,2026-06-19,False,"2026-04-26,2026-04-28,2026-05-06,2026-05-08,2026-05-30,2026-06-19"
COUR,6,4-7,2026-04-26,2026-06-25,False,"2026-04-26,2026-05-13,2026-05-14,2026-06-02,2026-06-24,2026-06-25"
CVS,6,4-7,2026-05-06,2026-06-12,False,"2026-05-06,2026-05-08,2026-05-15,2026-05-20,2026-06-05,2026-06-12"
DXC,6,4-7,2026-05-09,2026-06-12,False,"2026-05-09,2026-05-13,2026-05-14,2026-05-16,2026-05-17,2026-06-12"
FISV,6,4-7,2026-05-06,2026-06-19,False,"2026-05-06,2026-06-04,2026-06-16,2026-06-17,2026-06-18,2026-06-19"
GPK,6,4-7,2026-05-06,2026-06-09,False,"2026-05-06,2026-05-15,2026-06-02,2026-06-03,2026-06-04,2026-06-09"
MRNA,6,4-7,2026-05-02,2026-06-25,False,"2026-05-02,2026-05-03,2026-05-09,2026-05-12,2026-05-13,2026-06-25"
SBUX,6,4-7,2026-05-08,2026-06-19,False,"2026-05-08,2026-05-15,2026-05-27,2026-06-03,2026-06-10,2026-06-19"
SMMT,6,4-7,2026-05-02,2026-06-13,False,"2026-05-02,2026-05-03,2026-06-02,2026-06-03,2026-06-12,2026-06-13"
TEM,6,4-7,2026-05-06,2026-06-16,False,"2026-05-06,2026-05-08,2026-05-09,2026-05-30,2026-06-02,2026-06-16"
ADBE,5,4-7,2026-06-12,2026-06-19,False,"2026-06-12,2026-06-13,2026-06-16,2026-06-18,2026-06-19"
AEP,5,4-7,2026-05-14,2026-06-24,False,"2026-05-14,2026-05-16,2026-05-17,2026-06-19,2026-06-24"
ENVX,5,4-7,2026-05-12,2026-05-27,False,"2026-05-12,2026-05-14,2026-05-15,2026-05-22,2026-05-27"
FIS,5,4-7,2026-05-06,2026-06-19,False,"2026-05-06,2026-05-09,2026-05-30,2026-06-03,2026-06-19"
FSLY,5,4-7,2026-05-06,2026-05-15,False,"2026-05-06,2026-05-08,2026-05-09,2026-05-12,2026-05-15"
HUN,5,4-7,2026-05-21,2026-06-23,False,"2026-05-21,2026-06-17,2026-06-18,2026-06-19,2026-06-23"
JNJ,5,4-7,2026-05-16,2026-06-24,False,"2026-05-16,2026-05-17,2026-05-19,2026-06-19,2026-06-24"
M,5,4-7,2026-05-19,2026-06-12,False,"2026-05-19,2026-06-03,2026-06-04,2026-06-05,2026-06-12"
OGN,5,4-7,2026-04-26,2026-05-03,False,"2026-04-26,2026-04-28,2026-05-01,2026-05-02,2026-05-03"
ORLY,5,4-7,2026-05-27,2026-06-23,False,"2026-05-27,2026-05-30,2026-06-10,2026-06-19,2026-06-23"
ROKU,5,4-7,2026-06-13,2026-06-19,False,"2026-06-13,2026-06-16,2026-06-17,2026-06-18,2026-06-19"
SLS,5,4-7,2026-05-14,2026-06-19,False,"2026-05-14,2026-05-15,2026-05-22,2026-06-03,2026-06-19"
STNE,5,4-7,2026-04-26,2026-05-17,False,"2026-04-26,2026-05-14,2026-05-15,2026-05-16,2026-05-17"
STUB,5,4-7,2026-05-14,2026-06-19,False,"2026-05-14,2026-05-15,2026-05-27,2026-06-13,2026-06-19"
ZS,5,4-7,2026-05-27,2026-06-19,False,"2026-05-27,2026-05-28,2026-05-29,2026-05-30,2026-06-19"
ZTS,5,4-7,2026-05-08,2026-05-14,False,"2026-05-08,2026-05-09,2026-05-12,2026-05-13,2026-05-14"
APA,4,4-7,2026-05-06,2026-06-19,False,"2026-05-06,2026-05-08,2026-05-09,2026-06-19"
DOCS,4,4-7,2026-05-14,2026-05-17,False,"2026-05-14,2026-05-15,2026-05-16,2026-05-17"
DXCM,4,4-7,2026-05-16,2026-05-30,False,"2026-05-16,2026-05-17,2026-05-19,2026-05-30"
FITB,4,4-7,2026-05-30,2026-06-18,False,"2026-05-30,2026-06-03,2026-06-05,2026-06-18"
FLEX,4,4-7,2026-05-08,2026-06-19,False,"2026-05-08,2026-05-09,2026-05-30,2026-06-19"
FPS,4,4-7,2026-05-15,2026-06-09,False,"2026-05-15,2026-05-30,2026-06-08,2026-06-09"
FUTU,4,4-7,2026-05-22,2026-05-29,False,"2026-05-22,2026-05-27,2026-05-28,2026-05-29"
GAP,4,4-7,2026-05-12,2026-06-03,False,"2026-05-12,2026-05-30,2026-06-02,2026-06-03"
GM,4,4-7,2026-05-30,2026-06-25,False,"2026-05-30,2026-06-03,2026-06-04,2026-06-25"
GTLB,4,4-7,2026-05-13,2026-06-05,False,"2026-05-13,2026-06-03,2026-06-04,2026-06-05"
KLAR,4,4-7,2026-05-14,2026-05-17,False,"2026-05-14,2026-05-15,2026-05-16,2026-05-17"
KVYO,4,4-7,2026-05-06,2026-05-14,False,"2026-05-06,2026-05-08,2026-05-09,2026-05-14"
KW,4,4-7,2026-06-23,2026-06-26,False,"2026-06-23,2026-06-24,2026-06-25,2026-06-26"
LITE,4,4-7,2026-05-06,2026-05-17,False,"2026-05-06,2026-05-12,2026-05-16,2026-05-17"
MP,4,4-7,2026-05-09,2026-06-10,False,"2026-05-09,2026-05-15,2026-05-19,2026-06-10"
NLY,4,4-7,2026-05-30,2026-06-25,False,"2026-05-30,2026-06-19,2026-06-23,2026-06-25"
NTSK,4,4-7,2026-06-04,2026-06-19,False,"2026-06-04,2026-06-05,2026-06-13,2026-06-19"
NVAX,4,4-7,2026-05-06,2026-05-12,False,"2026-05-06,2026-05-08,2026-05-09,2026-05-12"
ONON,4,4-7,2026-05-12,2026-05-15,False,"2026-05-12,2026-05-13,2026-05-14,2026-05-15"
ROIV,4,4-7,2026-05-19,2026-06-25,False,"2026-05-19,2026-05-21,2026-05-22,2026-06-25"
TEAM,4,4-7,2026-05-05,2026-05-09,False,"2026-05-05,2026-05-06,2026-05-08,2026-05-09"
TNGX,4,4-7,2026-06-09,2026-06-19,False,"2026-06-09,2026-06-11,2026-06-13,2026-06-19"
UMAC,4,4-7,2026-06-02,2026-06-05,False,"2026-06-02,2026-06-03,2026-06-04,2026-06-05"
XRAY,4,4-7,2026-05-06,2026-05-20,False,"2026-05-06,2026-05-16,2026-05-17,2026-05-20"
ABR,3,2-3,2026-05-09,2026-05-13,False,"2026-05-09,2026-05-12,2026-05-13"
ADMA,3,2-3,2026-05-06,2026-05-09,False,"2026-05-06,2026-05-08,2026-05-09"
ALAB,3,2-3,2026-05-20,2026-06-19,False,"2026-05-20,2026-05-21,2026-06-19"
AMKR,3,2-3,2026-05-01,2026-05-03,False,"2026-05-01,2026-05-02,2026-05-03"
BBWI,3,2-3,2026-05-27,2026-05-29,False,"2026-05-27,2026-05-28,2026-05-29"
BCRX,3,2-3,2026-05-06,2026-06-26,False,"2026-05-06,2026-05-14,2026-06-26"
BW,3,2-3,2026-05-12,2026-05-17,False,"2026-05-12,2026-05-16,2026-05-17"
CRBG,3,2-3,2026-05-05,2026-05-08,False,"2026-05-05,2026-05-06,2026-05-08"
CZR,3,2-3,2026-05-30,2026-06-03,False,"2026-05-30,2026-06-02,2026-06-03"
DAL,3,2-3,2026-05-06,2026-06-17,False,"2026-05-06,2026-05-21,2026-06-17"
DT,3,2-3,2026-05-13,2026-05-15,False,"2026-05-13,2026-05-14,2026-05-15"
GFS,3,2-3,2026-05-22,2026-05-29,False,"2026-05-22,2026-05-28,2026-05-29"
GLXY,3,2-3,2026-06-08,2026-06-10,False,"2026-06-08,2026-06-09,2026-06-10"
INTU,3,2-3,2026-05-22,2026-06-19,False,"2026-05-22,2026-05-27,2026-06-19"
IOT,3,2-3,2026-06-03,2026-06-09,False,"2026-06-03,2026-06-08,2026-06-09"
IP,3,2-3,2026-05-06,2026-06-13,False,"2026-05-06,2026-06-12,2026-06-13"
KNX,3,2-3,2026-05-06,2026-06-18,False,"2026-05-06,2026-05-15,2026-06-18"
LULU,3,2-3,2026-06-05,2026-06-09,False,"2026-06-05,2026-06-08,2026-06-09"
LUV,3,2-3,2026-04-26,2026-06-19,False,"2026-04-26,2026-05-06,2026-06-19"
MBLY,3,2-3,2026-05-14,2026-06-19,False,"2026-05-14,2026-05-19,2026-06-19"
PPL,3,2-3,2026-05-01,2026-05-03,False,"2026-05-01,2026-05-02,2026-05-03"
PUMP,3,2-3,2026-05-05,2026-05-21,False,"2026-05-05,2026-05-06,2026-05-21"
SE,3,2-3,2026-05-12,2026-05-14,False,"2026-05-12,2026-05-13,2026-05-14"
SERV,3,2-3,2026-06-08,2026-06-17,False,"2026-06-08,2026-06-09,2026-06-17"
SG,3,2-3,2026-05-08,2026-05-22,False,"2026-05-08,2026-05-09,2026-05-22"
SIRI,3,2-3,2026-04-26,2026-06-11,False,"2026-04-26,2026-06-10,2026-06-11"
SW,3,2-3,2026-06-12,2026-06-25,False,"2026-06-12,2026-06-19,2026-06-25"
TIGR,3,2-3,2026-05-22,2026-06-03,False,"2026-05-22,2026-05-27,2026-06-03"
VELO,3,2-3,2026-05-14,2026-06-13,False,"2026-05-14,2026-06-10,2026-06-13"
VIAV,3,2-3,2026-05-21,2026-06-23,False,"2026-05-21,2026-06-19,2026-06-23"
VLY,3,2-3,2026-06-10,2026-06-19,False,"2026-06-10,2026-06-11,2026-06-19"
XEL,3,2-3,2026-05-13,2026-06-19,False,"2026-05-13,2026-05-30,2026-06-19"
ACLX,2,2-3,2026-04-28,2026-05-16,False,"2026-04-28,2026-05-16"
ADI,2,2-3,2026-05-21,2026-06-19,False,"2026-05-21,2026-06-19"
AEO,2,2-3,2026-05-30,2026-06-02,False,"2026-05-30,2026-06-02"
APLS,2,2-3,2026-05-14,2026-05-16,False,"2026-05-14,2026-05-16"
APP,2,2-3,2026-05-08,2026-06-19,False,"2026-05-08,2026-06-19"
ARRY,2,2-3,2026-05-28,2026-05-29,False,"2026-05-28,2026-05-29"
AS,2,2-3,2026-05-19,2026-05-20,False,"2026-05-19,2026-05-20"
ASAN,2,2-3,2026-05-05,2026-05-30,False,"2026-05-05,2026-05-30"
ATEC,2,2-3,2026-05-06,2026-05-08,False,"2026-05-06,2026-05-08"
BILI,2,2-3,2026-05-20,2026-05-21,False,"2026-05-20,2026-05-21"
BNAI,2,2-3,2026-06-08,2026-06-09,False,"2026-06-08,2026-06-09"
BRBR,2,2-3,2026-05-06,2026-06-19,False,"2026-05-06,2026-06-19"
BROS,2,2-3,2026-05-06,2026-05-08,False,"2026-05-06,2026-05-08"
CHTR,2,2-3,2026-04-26,2026-06-19,False,"2026-04-26,2026-06-19"
CHYM,2,2-3,2026-05-06,2026-05-08,False,"2026-05-06,2026-05-08"
CLNN,2,2-3,2026-05-04,2026-05-05,False,"2026-05-04,2026-05-05"
COHR,2,2-3,2026-05-08,2026-06-03,False,"2026-05-08,2026-06-03"
CPRI,2,2-3,2026-05-28,2026-05-29,False,"2026-05-28,2026-05-29"
CPRX,2,2-3,2026-04-28,2026-05-08,False,"2026-04-28,2026-05-08"
DDOG,2,2-3,2026-05-08,2026-05-09,False,"2026-05-08,2026-05-09"
EBAY,2,2-3,2026-05-04,2026-05-05,False,"2026-05-04,2026-05-05"
ELAN,2,2-3,2026-05-06,2026-05-08,False,"2026-05-06,2026-05-08"
EMBC,2,2-3,2026-05-06,2026-06-19,False,"2026-05-06,2026-06-19"
EQT,2,2-3,2026-06-23,2026-06-24,False,"2026-06-23,2026-06-24"
ERAS,2,2-3,2026-04-28,2026-06-02,False,"2026-04-28,2026-06-02"
FAST,2,2-3,2026-05-06,2026-06-19,False,"2026-05-06,2026-06-19"
FULC,2,2-3,2026-06-03,2026-06-18,False,"2026-06-03,2026-06-18"
GE,2,2-3,2026-04-26,2026-05-06,False,"2026-04-26,2026-05-06"
INOD,2,2-3,2026-05-09,2026-05-12,False,"2026-05-09,2026-05-12"
INSM,2,2-3,2026-05-08,2026-06-19,False,"2026-05-08,2026-06-19"
KTOS,2,2-3,2026-05-14,2026-05-30,False,"2026-05-14,2026-05-30"
LEGN,2,2-3,2026-06-03,2026-06-19,False,"2026-06-03,2026-06-19"
LFST,2,2-3,2026-05-09,2026-05-12,False,"2026-05-09,2026-05-12"
MCW,2,2-3,2026-05-13,2026-05-19,False,"2026-05-13,2026-05-19"
MNST,2,2-3,2026-05-09,2026-06-19,False,"2026-05-09,2026-06-19"
MRAM,2,2-3,2026-05-12,2026-05-14,False,"2026-05-12,2026-05-14"
MRLN,2,2-3,2026-06-08,2026-06-09,False,"2026-06-08,2026-06-09"
MXL,2,2-3,2026-04-28,2026-04-30,False,"2026-04-28,2026-04-30"
NAVN,2,2-3,2026-06-12,2026-06-13,False,"2026-06-12,2026-06-13"
PCT,2,2-3,2026-05-15,2026-06-12,False,"2026-05-15,2026-06-12"
PRIM,2,2-3,2026-05-06,2026-06-24,False,"2026-05-06,2026-06-24"
RBRK,2,2-3,2026-06-08,2026-06-09,False,"2026-06-08,2026-06-09"
RELY,2,2-3,2026-05-09,2026-05-14,False,"2026-05-09,2026-05-14"
RLAY,2,2-3,2026-05-20,2026-05-22,False,"2026-05-20,2026-05-22"
RSI,2,2-3,2026-05-06,2026-06-19,False,"2026-05-06,2026-06-19"
SGML,2,2-3,2026-05-16,2026-05-17,False,"2026-05-16,2026-05-17"
SHC,2,2-3,2026-05-13,2026-05-14,False,"2026-05-13,2026-05-14"
SN,2,2-3,2026-05-16,2026-05-17,False,"2026-05-16,2026-05-17"
SOC,2,2-3,2026-06-02,2026-06-19,False,"2026-06-02,2026-06-19"
TMHC,2,2-3,2026-06-02,2026-06-03,False,"2026-06-02,2026-06-03"
UPS,2,2-3,2026-05-05,2026-06-19,False,"2026-05-05,2026-06-19"
VRDN,2,2-3,2026-05-06,2026-05-08,False,"2026-05-06,2026-05-08"
VRT,2,2-3,2026-06-10,2026-06-24,False,"2026-06-10,2026-06-24"
WDAY,2,2-3,2026-05-22,2026-06-19,False,"2026-05-22,2026-06-19"
XP,2,2-3,2026-05-19,2026-05-20,False,"2026-05-19,2026-05-20"
XYZ,2,2-3,2026-05-08,2026-05-09,False,"2026-05-08,2026-05-09"
Z,2,2-3,2026-05-30,2026-06-12,False,"2026-05-30,2026-06-12"
AA,1,1,2026-06-16,2026-06-16,False,2026-06-16
ABBV,1,1,2026-06-19,2026-06-19,False,2026-06-19
ACM,1,1,2026-05-30,2026-05-30,False,2026-05-30
ADPT,1,1,2026-06-18,2026-06-18,False,2026-06-18
ADSK,1,1,2026-06-19,2026-06-19,False,2026-06-19
AESI,1,1,2026-05-06,2026-05-06,False,2026-05-06
AFRM,1,1,2026-05-09,2026-05-09,False,2026-05-09
AIG,1,1,2026-04-28,2026-04-28,False,2026-04-28
APTV,1,1,2026-05-06,2026-05-06,False,2026-05-06
ARDX,1,1,2026-06-19,2026-06-19,False,2026-06-19
BAX,1,1,2026-06-11,2026-06-11,False,2026-06-11
BBIO,1,1,2026-04-29,2026-04-29,False,2026-04-29
BEN,1,1,2026-05-06,2026-05-06,False,2026-05-06
BFAM,1,1,2026-05-14,2026-05-14,False,2026-05-14
BKD,1,1,2026-05-08,2026-05-08,False,2026-05-08
BLMN,1,1,2026-05-06,2026-05-06,False,2026-05-06
BN,1,1,2026-05-06,2026-05-06,False,2026-05-06
CARR,1,1,2026-05-22,2026-05-22,False,2026-05-22
CART,1,1,2026-05-06,2026-05-06,False,2026-05-06
CAVA,1,1,2026-05-21,2026-05-21,False,2026-05-21
CEG,1,1,2026-06-02,2026-06-02,False,2026-06-02
CG,1,1,2026-06-25,2026-06-25,False,2026-06-25
CL,1,1,2026-06-19,2026-06-19,False,2026-06-19
CMPS,1,1,2026-04-26,2026-04-26,False,2026-04-26
CNC,1,1,2026-06-19,2026-06-19,False,2026-06-19
CNXC,1,1,2026-06-19,2026-06-19,False,2026-06-19
CRGY,1,1,2026-05-08,2026-05-08,False,2026-05-08
CRMT,1,1,2026-06-23,2026-06-23,False,2026-06-23
CSIQ,1,1,2026-05-15,2026-05-15,False,2026-05-15
CTRA,1,1,2026-05-06,2026-05-06,False,2026-05-06
CTRE,1,1,2026-05-20,2026-05-20,False,2026-05-20
CYTK,1,1,2026-05-06,2026-05-06,False,2026-05-06
DASH,1,1,2026-05-08,2026-05-08,False,2026-05-08
DBX,1,1,2026-05-09,2026-05-09,False,2026-05-09
DCH,1,1,2026-05-09,2026-05-09,False,2026-05-09
DFTX,1,1,2026-06-25,2026-06-25,False,2026-06-25
EBC,1,1,2026-06-19,2026-06-19,False,2026-06-19
EDSA,1,1,2026-04-28,2026-04-28,False,2026-04-28
ELF,1,1,2026-05-22,2026-05-22,False,2026-05-22
ELTX,1,1,2026-06-18,2026-06-18,False,2026-06-18
EPAM,1,1,2026-06-02,2026-06-02,False,2026-06-02
EQH,1,1,2026-05-06,2026-05-06,False,2026-05-06
ETR,1,1,2026-05-06,2026-05-06,False,2026-05-06
EVLV,1,1,2026-05-14,2026-05-14,False,2026-05-14
EW,1,1,2026-04-26,2026-04-26,False,2026-04-26
EYE,1,1,2026-05-14,2026-05-14,False,2026-05-14
FA,1,1,2026-06-16,2026-06-16,False,2026-06-16
FE,1,1,2026-05-05,2026-05-05,False,2026-05-05
FIGS,1,1,2026-05-09,2026-05-09,False,2026-05-09
FJET,1,1,2026-05-22,2026-05-22,False,2026-05-22
FLG,1,1,2026-04-26,2026-04-26,False,2026-04-26
FLR,1,1,2026-05-09,2026-05-09,False,2026-05-09
FNMA,1,1,2026-06-04,2026-06-04,False,2026-06-04
FOX,1,1,2026-06-19,2026-06-19,False,2026-06-19
FROG,1,1,2026-05-09,2026-05-09,False,2026-05-09
FTNT,1,1,2026-06-19,2026-06-19,False,2026-06-19
FWRD,1,1,2026-05-09,2026-05-09,False,2026-05-09
GBTG,1,1,2026-06-02,2026-06-02,False,2026-06-02
GO,1,1,2026-05-15,2026-05-15,False,2026-05-15
GPGI,1,1,2026-05-08,2026-05-08,False,2026-05-08
GPN,1,1,2026-06-04,2026-06-04,False,2026-06-04
GSIT,1,1,2026-05-12,2026-05-12,False,2026-05-12
HAL,1,1,2026-04-28,2026-04-28,False,2026-04-28
HLIT,1,1,2026-05-30,2026-05-30,False,2026-05-30
HTCO,1,1,2026-04-28,2026-04-28,False,2026-04-28
HUT,1,1,2026-05-08,2026-05-08,False,2026-05-08
ICE,1,1,2026-06-03,2026-06-03,False,2026-06-03
IMSR,1,1,2026-05-06,2026-05-06,False,2026-05-06
IMVT,1,1,2026-05-21,2026-05-21,False,2026-05-21
INGM,1,1,2026-05-06,2026-05-06,False,2026-05-06
INVH,1,1,2026-05-30,2026-05-30,False,2026-05-30
IVZ,1,1,2026-06-24,2026-06-24,False,2026-06-24
JHG,1,1,2026-05-13,2026-05-13,False,2026-05-13
KD,1,1,2026-05-06,2026-05-06,False,2026-05-06
KMX,1,1,2026-06-18,2026-06-18,False,2026-06-18
KRMN,1,1,2026-05-30,2026-05-30,False,2026-05-30
LC,1,1,2026-04-29,2026-04-29,False,2026-04-29
LPTH,1,1,2026-04-28,2026-04-28,False,2026-04-28
LQDA,1,1,2026-06-19,2026-06-19,False,2026-06-19
LVS,1,1,2026-06-19,2026-06-19,False,2026-06-19
MAC,1,1,2026-06-17,2026-06-17,False,2026-06-17
MBC,1,1,2026-05-06,2026-05-06,False,2026-05-06
MDB,1,1,2026-05-30,2026-05-30,False,2026-05-30
MEI,1,1,2026-05-14,2026-05-14,False,2026-05-14
MGM,1,1,2026-06-03,2026-06-03,False,2026-06-03
MKC,1,1,2026-06-25,2026-06-25,False,2026-06-25
NAT,1,1,2026-06-26,2026-06-26,False,2026-06-26
NEO,1,1,2026-06-18,2026-06-18,False,2026-06-18
NET,1,1,2026-05-09,2026-05-09,False,2026-05-09
NI,1,1,2026-05-06,2026-05-06,False,2026-05-06
NRIX,1,1,2026-06-09,2026-06-09,False,2026-06-09
NTAP,1,1,2026-05-30,2026-05-30,False,2026-05-30
NUVL,1,1,2026-06-10,2026-06-10,False,2026-06-10
NVRI,1,1,2026-05-27,2026-05-27,False,2026-05-27
NVST,1,1,2026-05-08,2026-05-08,False,2026-05-08
O,1,1,2026-05-30,2026-05-30,False,2026-05-30
OCC,1,1,2026-06-09,2026-06-09,False,2026-06-09
ODYS,1,1,2026-05-12,2026-05-12,False,2026-05-12
OKTA,1,1,2026-05-30,2026-05-30,False,2026-05-30
OLN,1,1,2026-06-17,2026-06-17,False,2026-06-17
OSS,1,1,2026-05-06,2026-05-06,False,2026-05-06
OUST,1,1,2026-05-19,2026-05-19,False,2026-05-19
PAGS,1,1,2026-05-14,2026-05-14,False,2026-05-14
PDYN,1,1,2026-06-18,2026-06-18,False,2026-06-18
PEB,1,1,2026-04-30,2026-04-30,False,2026-04-30
PENG,1,1,2026-05-14,2026-05-14,False,2026-05-14
PK,1,1,2026-06-02,2026-06-02,False,2026-06-02
PLNT,1,1,2026-05-08,2026-05-08,False,2026-05-08
PRMB,1,1,2026-05-09,2026-05-09,False,2026-05-09
QURE,1,1,2026-06-18,2026-06-18,False,2026-06-18
RDDT,1,1,2026-05-21,2026-05-21,False,2026-05-21
REAL,1,1,2026-05-09,2026-05-09,False,2026-05-09
RGNX,1,1,2026-05-15,2026-05-15,False,2026-05-15
RMAX,1,1,2026-04-28,2026-04-28,False,2026-04-28
ROL,1,1,2026-05-30,2026-05-30,False,2026-05-30
ROST,1,1,2026-05-30,2026-05-30,False,2026-05-30
RTX,1,1,2026-04-26,2026-04-26,False,2026-04-26
RUM,1,1,2026-06-19,2026-06-19,False,2026-06-19
SGHC,1,1,2026-05-13,2026-05-13,False,2026-05-13
SGMT,1,1,2026-04-28,2026-04-28,False,2026-04-28
SHAK,1,1,2026-05-08,2026-05-08,False,2026-05-08
SHLS,1,1,2026-05-06,2026-05-06,False,2026-05-06
SKYQ,1,1,2026-04-29,2026-04-29,False,2026-04-29
SLDB,1,1,2026-06-19,2026-06-19,False,2026-06-19
SMTC,1,1,2026-06-19,2026-06-19,False,2026-06-19
SO,1,1,2026-06-19,2026-06-19,False,2026-06-19
SWKS,1,1,2026-05-06,2026-05-06,False,2026-05-06
TECH,1,1,2026-05-06,2026-05-06,False,2026-05-06
TER,1,1,2026-06-19,2026-06-19,False,2026-06-19
TGT,1,1,2026-05-21,2026-05-21,False,2026-05-21
TMUS,1,1,2026-06-19,2026-06-19,False,2026-06-19
TRMB,1,1,2026-06-19,2026-06-19,False,2026-06-19
TVTX,1,1,2026-05-08,2026-05-08,False,2026-05-08
UAL,1,1,2026-05-21,2026-05-21,False,2026-05-21
UPST,1,1,2026-05-06,2026-05-06,False,2026-05-06
UPWK,1,1,2026-05-09,2026-05-09,False,2026-05-09
UTI,1,1,2026-05-27,2026-05-27,False,2026-05-27
VEEV,1,1,2026-05-06,2026-05-06,False,2026-05-06
VITL,1,1,2026-05-08,2026-05-08,False,2026-05-08
VRNS,1,1,2026-06-24,2026-06-24,False,2026-06-24
VRSK,1,1,2026-06-19,2026-06-19,False,2026-06-19
VSCO,1,1,2026-06-03,2026-06-03,False,2026-06-03
VSTS,1,1,2026-05-13,2026-05-13,False,2026-05-13
VTR,1,1,2026-04-30,2026-04-30,False,2026-04-30
W,1,1,2026-05-01,2026-05-01,False,2026-05-01
WBI,1,1,2026-06-19,2026-06-19,False,2026-06-19
WGS,1,1,2026-05-06,2026-05-06,False,2026-05-06
WHR,1,1,2026-05-08,2026-05-08,False,2026-05-08
WIX,1,1,2026-05-14,2026-05-14,False,2026-05-14
WRBY,1,1,2026-05-20,2026-05-20,False,2026-05-20
WSBC,1,1,2026-06-19,2026-06-19,False,2026-06-19
WSC,1,1,2026-05-09,2026-05-09,False,2026-05-09
WY,1,1,2026-06-12,2026-06-12,False,2026-06-12
ZM,1,1,2026-05-22,2026-05-22,False,2026-05-22
