setup_family,review_bucket,action_label,final_trade_status,summary_type,n_rows,n_evaluable_1d,n_evaluable_3d,n_evaluable_5d,n_evaluable_10d,n_evaluable_20d,confidence_5d,confidence_20d,n_triggered,n_no_trigger_set,pct_triggered,avg_ret_1d_all,median_ret_1d_all,win_rate_1d_all,avg_ret_1d_trig,median_ret_1d_trig,win_rate_1d_trig,avg_ret_3d_all,median_ret_3d_all,win_rate_3d_all,avg_ret_3d_trig,median_ret_3d_trig,win_rate_3d_trig,avg_ret_5d_all,median_ret_5d_all,win_rate_5d_all,avg_ret_5d_trig,median_ret_5d_trig,win_rate_5d_trig,avg_ret_10d_all,median_ret_10d_all,win_rate_10d_all,avg_ret_10d_trig,median_ret_10d_trig,win_rate_10d_trig,avg_ret_20d_all,median_ret_20d_all,win_rate_20d_all,avg_ret_20d_trig,median_ret_20d_trig,win_rate_20d_trig,trigger_hit_5d_pct,pre_burst_triggered_5d_pct
SLINGSHOT,WATCH_ONLY,C,WATCH,actionability,401,397,394,377,213,21,ACTIONABLE_SAMPLE,IMMATURE_20D,368,62,91.77057356608479,0.21618551809113642,0.0,48.11083123425693,0.4274393429667911,0.15153848307922768,51.36612021857923,0.3289180170201301,-0.021257639126165406,49.746192893401016,0.7398768120366185,0.1902902345748414,53.57142857142857,0.7348625718215169,0.1951264172065592,52.785145888594165,1.1862404242031102,0.5196710722832121,56.48414985590778,-1.7700612839551466,-0.9560732255857185,41.78403755868544,-1.5216070189067126,-0.7525259257230077,43.08510638297872,-2.0117138184346537,-1.6685598707869786,28.57142857142857,-2.6828511998165006,-3.4786592633064717,27.77777777777778,90.80118694362018,
SLINGSHOT,WATCH_ONLY,B,WATCH,actionability,343,342,326,303,229,75,ACTIONABLE_SAMPLE,MATURE_20D,318,105,92.71137026239067,-0.21553456151981612,0.0,49.707602339181285,-0.016948818616108627,0.0820476410038129,52.83018867924528,0.8618817794397597,0.8884821578785451,62.26993865030674,1.2275273345115902,1.0498319909985065,66.66666666666666,1.3546501564252167,1.7424432279463886,67.65676567656766,1.7215085010595956,2.0708934916354615,71.67832167832168,0.14864202267099794,0.9204957415358539,58.951965065502186,0.5204815728894727,1.2051718962656222,61.46788990825688,1.6094965274876019,1.8126871243736797,64.0,1.6094965274876016,1.8126871243736797,64.0,89.87341772151899,
PAUSE,WATCH_ONLY,B,WATCH,actionability,208,194,190,148,110,52,ACTIONABLE_SAMPLE,MATURE_20D,168,130,80.76923076923077,0.07848767130910682,0.0,44.84536082474227,0.3522766295598058,0.03308047976602335,52.17391304347826,0.2756806196144442,0.0,49.473684210526315,0.6164080551860366,0.05268824616977419,55.90062111801242,0.6348950584303601,0.07156961618929314,53.37837837837838,1.0279643368113427,0.1323219190640712,58.91472868217055,1.544257854991034,0.2933212135016072,63.63636363636363,2.0396530498619456,0.39474979864108084,69.56521739130434,2.2125143181813955,0.28055988743421745,55.769230769230774,2.4908526589867743,0.4739344585183769,58.333333333333336,50.0,
ACTIVE_BURST,REJECT,D,REJECT,actionability,100,100,100,81,75,38,ACTIONABLE_SAMPLE,MATURE_20D,99,90,99.0,0.40894562766132864,0.5617202700574087,54.0,0.5538034125139071,0.5943462728761117,54.54545454545454,1.0621551898074184,0.18351474450826188,52.0,1.2683076708795213,0.2589773144278773,52.52525252525253,-2.060687286725009,-1.6077129663114809,39.50617283950617,-1.8748812753140207,-1.4979494310204178,40.0,-6.762795813308512,-8.977779812282982,28.000000000000004,-6.399689611839099,-7.874623815569421,28.37837837837838,12.756871332504172,1.988185551709365,55.26315789473685,12.756871332504172,1.988185551709365,55.26315789473685,90.0,
ACTIVE_BURST,WATCH_ONLY,B,WATCH,actionability,89,86,79,77,54,25,ACTIONABLE_SAMPLE,IMMATURE_20D,86,71,96.62921348314607,-1.4417032582403335,-0.8678427317100612,39.53488372093023,-1.3233640992507603,-0.7767019919978746,40.963855421686745,1.0135324511932249,1.1070082392533154,53.16455696202531,0.9725777178149819,1.1576635112121814,53.94736842105263,2.2121909012632646,2.157713414467599,57.14285714285714,2.433051702259255,2.3471586991660742,58.108108108108105,-1.1946180414301135,-3.2376928335844877,38.88888888888889,-0.7157069587288312,-3.138482715747215,41.17647058823529,7.86482315544533,0.8918968406883554,56.00000000000001,8.607430459108175,2.554130340943872,54.54545454545454,83.33333333333334,
PAUSE,WATCH_ONLY,C,WATCH,actionability,85,81,81,42,41,31,ACTIONABLE_SAMPLE,MATURE_20D,75,68,88.23529411764706,-0.8965274618073837,-0.3506554268688067,25.925925925925924,-0.8619368065054926,-0.3506554268688067,28.169014084507044,-0.6006519557553995,0.0,49.382716049382715,-0.4320572383254813,0.05268824616977419,53.52112676056338,0.44374292497531104,0.00998025764643029,50.0,1.5649729346110433,0.13975864125924664,59.375,-0.38101936370769973,0.192673447676861,63.41463414634146,0.6267362394446548,0.4214959201027879,74.19354838709677,-3.044024860502804,-0.15805468925390587,48.38709677419355,-2.8138000637014318,0.08907951380307533,50.0,41.17647058823529,
DELAYED_EP,WATCH_ONLY,B,WATCH,actionability,57,57,56,53,39,18,ACTIONABLE_SAMPLE,IMMATURE_20D,50,32,87.71929824561403,0.07883047262886096,0.10923988583046995,52.63157894736842,0.3224648544856785,0.7237650829047149,56.00000000000001,-0.356348804914532,-0.01609050934167633,48.214285714285715,0.24891056267259362,0.763358037663453,55.10204081632652,-0.26431536524403193,-0.2925797004642905,49.056603773584904,0.012303604377896427,0.23487707013375436,52.17391304347826,-0.32855302259191504,-0.43601808954754073,41.02564102564102,-0.8192075631131062,-0.3897322900512368,40.625,0.40788521498397906,2.1350905653743646,61.111111111111114,0.4619117909174091,2.384677975386551,62.5,72.0,
EP_ACTIVE,WATCH_ONLY,B,WATCH,actionability,56,53,45,39,33,18,ACTIONABLE_SAMPLE,IMMATURE_20D,52,44,92.85714285714286,-0.8516850288086315,-0.35816755442860115,47.16981132075472,-1.0024290711522428,-0.5530076862179545,44.89795918367347,0.6753648749529476,0.6700241222102443,55.55555555555556,1.1282967128503743,1.0077404649386335,56.09756097560976,3.48029545608666,0.7680447333301199,53.84615384615385,4.494744427380578,2.216800016206033,60.0,4.432016201554415,-0.2699325655977636,45.45454545454545,6.183473189887413,1.4933653700388128,51.724137931034484,13.874475028355654,9.45401460914005,61.111111111111114,13.874475028355654,9.45401460914005,61.111111111111114,66.66666666666666,
ACTIVE_BURST,WATCH_ONLY,C,WATCH,actionability,47,47,46,43,40,28,ACTIONABLE_SAMPLE,IMMATURE_20D,43,34,91.48936170212765,-3.274020856888675,-0.8252578975144753,42.5531914893617,-3.4720196722219407,-0.5942158930128616,44.18604651162791,-2.376742822280059,-1.548583271104581,41.30434782608695,-1.8360532708942894,-1.157912758248103,42.857142857142854,-2.2859518868468878,-3.472222314204698,37.2093023255814,-1.018342375223643,-1.2589987288916693,41.02564102564102,-5.511177860871522,-9.315941466053884,20.0,-4.110146146074862,-8.230971801065127,22.22222222222222,8.304588809295515,1.6121533168096946,53.57142857142857,8.304588809295515,1.6121533168096946,53.57142857142857,69.23076923076923,
EP_ACTIVE,REJECT,D,REJECT,actionability,28,27,27,17,16,4,BUILDING_SAMPLE,IMMATURE_20D,26,24,92.85714285714286,0.2850015264189677,0.3601408552936114,66.66666666666666,0.3636044439341829,0.3601408552936114,68.0,0.39176648948521203,-0.6535966152467654,48.148148148148145,0.9813603317300408,-0.6535966152467654,48.0,-3.3095972800293043,-3.1554855695892225,29.411764705882355,-1.8738442506224624,-3.1554855695892225,33.33333333333333,-8.900215026368937,-10.343638463470462,25.0,-8.128214811565543,-10.343638463470462,21.428571428571427,4.121116206290845,10.846991881130274,75.0,4.121116206290845,10.846991881130274,75.0,50.0,
EP_ACTIVE,WATCH_ONLY,C,WATCH,actionability,26,26,24,21,18,15,ACTIONABLE_SAMPLE,IMMATURE_20D,25,22,96.15384615384616,1.6942621866456224,2.093820662328061,57.692307692307686,1.8737064938210433,2.2095235188802187,60.0,2.5995417102684457,2.132942579747321,62.5,2.770800707183669,2.742854527064731,65.21739130434783,0.07108687528501094,1.2258540964739995,57.14285714285714,0.3035977774543814,1.992940389605069,60.0,-5.948211833780788,-6.046088583567472,33.33333333333333,-6.0068327577902245,-7.140521041514569,35.294117647058826,1.4885966466556058,-1.485882679779471,46.666666666666664,1.7734142222434672,0.1638275794706101,50.0,75.0,
SLINGSHOT,ACTIONABLE,A2,COUNCIL,actionability,16,16,1,1,1,0,LOW_SAMPLE,IMMATURE_20D,14,0,87.5,4.702535297526481,0.7846797817958495,75.0,5.717185307619556,1.0722856124279145,85.71428571428571,-1.6306779661729331,-1.6306779661729331,0.0,-1.6306779661729331,-1.6306779661729331,0.0,-1.7188245386406176,-1.7188245386406176,0.0,-1.7188245386406176,-1.7188245386406176,0.0,7.6245019899387145,7.6245019899387145,100.0,7.6245019899387145,7.6245019899387145,100.0,,,,,,,87.5,
DELAYED_EP,WATCH_ONLY,C,WATCH,actionability,15,15,12,8,8,2,LOW_SAMPLE,IMMATURE_20D,14,9,93.33333333333333,0.9002204397556234,0.4560241011489108,60.0,0.976167345809021,0.5913297645248949,64.28571428571429,-0.14244511977062616,1.148330859019897,66.66666666666666,0.6121922538507851,1.6129016752173708,72.72727272727273,1.7292085530812558,1.4505636499374974,50.0,3.2130918961124553,3.0945500548376303,57.14285714285714,0.18633977416170477,-2.130749556030226,50.0,1.0011624748249173,1.2004151569311894,57.14285714285714,-0.33462153323826627,-0.33462153323826627,50.0,-0.33462153323826627,-0.33462153323826627,50.0,83.33333333333334,
ANTICIPATION,WATCH_ONLY,B,WATCH,actionability,14,14,14,12,10,4,BUILDING_SAMPLE,IMMATURE_20D,12,8,85.71428571428571,0.345242604353892,0.12727625920136987,64.28571428571429,0.5367152348392135,0.1610080139284542,75.0,0.4235489658157653,0.06776336567766439,57.14285714285714,0.6675206756515849,0.1840090026662522,66.66666666666666,0.6807237051262618,-0.03389298170557442,50.0,1.1307091223263255,0.52167902378768,60.0,0.9263037915779847,-0.05496760978728199,40.0,1.4316251470060606,0.09930714185597544,50.0,1.5024013213633558,-0.06856144606678938,50.0,1.5024013213633558,-0.06856144606678938,50.0,66.66666666666666,
EP_ACTIVE,WATCH_ONLY,B,COUNCIL,actionability,11,11,11,11,11,10,BUILDING_SAMPLE,IMMATURE_20D,7,1,63.63636363636363,-2.113342997420221,-2.9097980458279826,27.27272727272727,-1.069009534649125,-2.9097980458279826,42.857142857142854,-4.485296045871177,-4.903445981734233,9.090909090909092,-4.060267369361702,-4.903445981734233,14.285714285714285,-4.673911957468401,-4.503457234643971,18.181818181818183,-4.757489634091129,-5.555561074503923,28.57142857142857,-6.374335973039755,-5.086502881515431,9.090909090909092,-8.153188444054873,-7.154271424695436,14.285714285714285,-3.056237178406218,-3.0091724053231683,40.0,-6.437120097284108,-8.071353433651161,33.33333333333333,60.0,
ANTICIPATION,WATCH_ONLY,C,WATCH,actionability,11,11,11,8,7,3,LOW_SAMPLE,IMMATURE_20D,10,8,90.9090909090909,-0.3251977560555054,0.0,45.45454545454545,-0.23728913877752555,0.026399758711337373,50.0,-0.7410626066214242,0.0,45.45454545454545,-0.6635184875195654,0.018109794749676666,50.0,-0.6961300861515377,-0.2680252134850125,37.5,-0.3702557554202441,-0.033058607873837076,42.857142857142854,0.8424785698645737,-0.02394807552863476,28.57142857142857,1.1464356082004967,-0.01197403776431738,33.33333333333333,-1.5507880144594441,0.02394807552863476,66.66666666666666,-1.5507880144594441,0.02394807552863476,66.66666666666666,66.66666666666666,
PRE_BURST,WATCH_ONLY,B,WATCH,actionability,10,10,10,8,7,1,LOW_SAMPLE,IMMATURE_20D,2,8,20.0,-0.39110196031735944,-0.008512599229770768,50.0,0.25256636936897836,0.25256636936897836,50.0,0.7779128179175898,0.9888090021622387,60.0,3.231011685293106,3.231011685293106,100.0,0.44745252300541516,2.0499992172529846,62.5,3.2707735157778584,3.2707735157778584,100.0,0.4305704337742832,3.986285184574334,71.42857142857143,4.728382578021806,4.728382578021806,100.0,8.706056583856437,8.706056583856437,100.0,,,,100.0,100.0
PAUSE,REJECT,D,REJECT,actionability,10,10,10,6,4,1,LOW_SAMPLE,IMMATURE_20D,10,10,100.0,-0.5325147377700001,-0.01913188261447596,40.0,-0.5325147377700001,-0.01913188261447596,40.0,0.8282540427001537,0.07572330093754687,60.0,0.8282540427001537,0.07572330093754687,60.0,-0.4144172091166318,0.10551654795796228,66.66666666666666,-0.4144172091166318,0.10551654795796228,66.66666666666666,-7.836149179479593,-1.258577841104952,25.0,-7.836149179479593,-1.258577841104952,25.0,0.36997724387921593,0.36997724387921593,100.0,0.36997724387921593,0.36997724387921593,100.0,,
ACTIVE_BURST,WATCH_ONLY,B,COUNCIL,actionability,10,10,10,10,10,9,BUILDING_SAMPLE,IMMATURE_20D,6,0,60.0,-0.23055675681232007,-0.35138774385489735,40.0,0.829843483599659,0.49664762315327904,66.66666666666666,-1.5479984650272527,-2.158576402608742,20.0,-0.9789428987369307,-2.0243286594545715,33.33333333333333,0.48206070404534496,-1.6806900984638717,30.0,3.679597268979027,-0.8424789621919226,33.33333333333333,3.0925550218377813,0.19494405670582582,50.0,5.815223367249497,1.5734418569502862,50.0,0.30483531762251054,-2.430308492855082,44.44444444444444,3.0060960065365356,1.3938751186503895,60.0,60.0,
EP_SPIKE,WATCH_ONLY,B,WATCH,actionability,9,9,9,7,3,0,LOW_SAMPLE,IMMATURE_20D,9,9,100.0,0.21702895761004357,1.1471674764622408,55.55555555555556,0.21702895761004357,1.1471674764622408,55.55555555555556,6.932533200782083,5.026809625769757,66.66666666666666,6.932533200782083,5.026809625769757,66.66666666666666,-0.07593482984180255,4.210528992770013,57.14285714285714,-0.07593482984180255,4.210528992770013,57.14285714285714,-14.83991939449823,-15.73148176558431,0.0,-14.83991939449823,-15.73148176558431,0.0,,,,,,,,
PRE_BURST,WATCH_ONLY,C,WATCH,actionability,7,7,7,3,3,3,LOW_SAMPLE,IMMATURE_20D,0,7,0.0,-1.4851205134339176,-1.2699215754285231,0.0,,,,-2.17296764282647,-2.192219200412049,14.285714285714285,,,,-5.24566698376134,-5.333190530766075,0.0,,,,-3.5282538313477865,-7.231086803036646,33.33333333333333,,,,-10.32517124854504,-11.30605591512267,0.0,,,,,
EP_ACTIVE,ACTIONABLE,A2,COUNCIL,actionability,7,7,7,7,7,6,LOW_SAMPLE,IMMATURE_20D,5,1,71.42857142857143,-2.8835698852579736,-1.1429515202206586,14.285714285714285,-2.6821569259452493,-0.7889118255062888,20.0,-4.87298887469246,-4.4704821054866395,0.0,-5.691280066933355,-4.4704821054866395,0.0,-4.235739676512245,-4.207511496984539,28.57142857142857,-5.168388110233709,-4.207511496984539,20.0,5.5627487884499445,-3.08767927597019,28.57142857142857,10.45530577212433,-0.8301977170206087,40.0,2.4589214497585856,-9.986322849276869,16.666666666666664,7.977256432080189,-10.011100012395097,25.0,66.66666666666666,
SLINGSHOT,ACTIONABLE,A2,TRADE,actionability,4,4,4,4,3,0,LOW_SAMPLE,IMMATURE_20D,4,0,100.0,0.6301909250050086,0.6150439530652196,75.0,0.6301909250050086,0.6150439530652196,75.0,0.4733313774877512,0.2708550297588985,50.0,0.4733313774877512,0.2708550297588985,50.0,-1.1067275567108126,-0.7632159745052269,50.0,-1.1067275567108126,-0.7632159745052269,50.0,-3.4602873547653643,-2.105261176576878,33.33333333333333,-3.4602873547653643,-2.105261176576878,33.33333333333333,,,,,,,100.0,
ACTIVE_BURST,ACTIONABLE,A2,TRADE,actionability,3,3,3,3,3,0,LOW_SAMPLE,IMMATURE_20D,1,0,33.33333333333333,-1.0150658600381852,-1.298361570413964,33.33333333333333,1.3886903069139533,1.3886903069139533,100.0,-4.059918560303388,-4.199795518489003,0.0,-1.6636967661460056,-1.6636967661460056,0.0,-1.0088507212514863,-2.3958255604472956,33.33333333333333,3.0523765830363425,3.0523765830363425,100.0,-1.996429053774092,-1.5536983784626424,33.33333333333333,-1.5536983784626424,-1.5536983784626424,0.0,,,,,,,33.33333333333333,
EP_SPIKE,REJECT,D,REJECT,actionability,3,3,3,2,2,0,LOW_SAMPLE,IMMATURE_20D,3,2,100.0,11.84054155272854,8.89291743673124,100.0,11.84054155272854,8.89291743673124,100.0,35.98563826018782,16.904275957228766,100.0,35.98563826018782,16.904275957228766,100.0,0.022872327617179167,0.022872327617179167,50.0,0.022872327617179167,0.022872327617179167,50.0,-20.328572654284756,-20.328572654284756,0.0,-20.328572654284756,-20.328572654284756,0.0,,,,,,,100.0,
EP_SPIKE,WATCH_ONLY,C,WATCH,actionability,3,3,3,2,2,0,LOW_SAMPLE,IMMATURE_20D,2,1,66.66666666666666,-2.624717320395261,1.8652882102724533,66.66666666666666,2.8683677360523685,2.8683677360523685,100.0,2.4060947515372875,2.4019231083461046,100.0,2.4081805731328787,2.4081805731328787,100.0,-10.488390446641805,-10.488390446641805,0.0,0.0,0.0,0.0,-28.766113052163938,-28.766113052163938,0.0,-14.858086621706512,-14.858086621706512,0.0,,,,,,,50.0,
ACTIVE_BURST,ACTIONABLE,A2,COUNCIL,actionability,2,2,2,2,2,2,LOW_SAMPLE,IMMATURE_20D,2,0,100.0,1.0974289279268579,1.0974289279268579,100.0,1.0974289279268579,1.0974289279268579,100.0,2.027705963535542,2.027705963535542,50.0,2.027705963535542,2.027705963535542,50.0,4.791424163100588,4.791424163100588,50.0,4.791424163100588,4.791424163100588,50.0,3.4344352533508427,3.4344352533508427,50.0,3.4344352533508427,3.4344352533508427,50.0,11.829407447678264,11.829407447678264,100.0,11.829407447678264,11.829407447678264,100.0,100.0,
MOMENTUM_PAUSE,WATCH_ONLY,B,WATCH,actionability,2,2,2,2,1,0,LOW_SAMPLE,IMMATURE_20D,2,0,100.0,0.03782102899754225,0.03782102899754225,100.0,0.03782102899754225,0.03782102899754225,100.0,0.19190409241703899,0.19190409241703899,100.0,0.19190409241703899,0.19190409241703899,100.0,0.16984076286284955,0.16984076286284955,100.0,0.16984076286284955,0.16984076286284955,100.0,0.6163396009379873,0.6163396009379873,100.0,0.6163396009379873,0.6163396009379873,100.0,,,,,,,100.0,
DELAYED_EP,ACTIONABLE,A2,TRADE,actionability,2,2,2,2,2,0,LOW_SAMPLE,IMMATURE_20D,2,0,100.0,1.229172220466268,1.229172220466268,100.0,1.229172220466268,1.229172220466268,100.0,1.972049422529143,1.972049422529143,100.0,1.972049422529143,1.972049422529143,100.0,4.533541030176192,4.533541030176192,100.0,4.533541030176192,4.533541030176192,100.0,4.786161334637851,4.786161334637851,100.0,4.786161334637851,4.786161334637851,100.0,,,,,,,100.0,
DELAYED_EP,ACTIONABLE,A2,COUNCIL,actionability,2,2,2,2,1,1,LOW_SAMPLE,IMMATURE_20D,2,0,100.0,2.7480801023350376,2.7480801023350376,100.0,2.7480801023350376,2.7480801023350376,100.0,5.638076177644535,5.638076177644535,100.0,5.638076177644535,5.638076177644535,100.0,5.534594777258384,5.534594777258384,100.0,5.534594777258384,5.534594777258384,100.0,4.449071252043946,4.449071252043946,100.0,4.449071252043946,4.449071252043946,100.0,10.602915697725601,10.602915697725601,100.0,10.602915697725601,10.602915697725601,100.0,100.0,
DELAYED_EP,WATCH_ONLY,B,COUNCIL,actionability,2,2,2,2,2,1,LOW_SAMPLE,IMMATURE_20D,2,1,100.0,0.6536824820151388,0.6536824820151388,50.0,0.6536824820151388,0.6536824820151388,50.0,-2.1234867017212555,-2.1234867017212555,50.0,-2.1234867017212555,-2.1234867017212555,50.0,-1.619677329243102,-1.619677329243102,50.0,-1.619677329243102,-1.619677329243102,50.0,-6.120612307531521,-6.120612307531521,50.0,-6.120612307531521,-6.120612307531521,50.0,40.76531971064903,40.76531971064903,100.0,40.76531971064903,40.76531971064903,100.0,100.0,
DELAYED_EP,REJECT,D,REJECT,actionability,2,2,2,2,2,1,LOW_SAMPLE,IMMATURE_20D,2,2,100.0,5.688677512912211,5.688677512912211,100.0,5.688677512912211,5.688677512912211,100.0,16.20859956318653,16.20859956318653,100.0,16.20859956318653,16.20859956318653,100.0,15.444079724530546,15.444079724530546,100.0,15.444079724530546,15.444079724530546,100.0,7.464699059953439,7.464699059953439,100.0,7.464699059953439,7.464699059953439,100.0,-1.8965539637416318,-1.8965539637416318,0.0,-1.8965539637416318,-1.8965539637416318,0.0,,
SLINGSHOT,WATCH_ONLY,B,COUNCIL,actionability,2,2,2,2,2,2,LOW_SAMPLE,IMMATURE_20D,1,0,50.0,1.4597321449342782,1.4597321449342782,50.0,7.640231626643712,7.640231626643712,100.0,-3.8963126296992447,-3.8963126296992447,50.0,0.6769796304761044,0.6769796304761044,100.0,-5.692285098547845,-5.692285098547845,0.0,-3.578335397475585,-3.578335397475585,0.0,-12.034946472941943,-12.034946472941943,0.0,-15.183749242317756,-15.183749242317756,0.0,-3.4944694596858064,-3.4944694596858064,0.0,-3.965182218198471,-3.965182218198471,0.0,50.0,
SLINGSHOT,UNKNOWN,A2,COUNCIL,actionability,2,2,2,2,2,0,LOW_SAMPLE,IMMATURE_20D,2,0,100.0,3.5637720857847444,3.5637720857847444,100.0,3.5637720857847444,3.5637720857847444,100.0,-7.251421180246093,-7.251421180246093,0.0,-7.251421180246093,-7.251421180246093,0.0,0.7136157552430356,0.7136157552430356,50.0,0.7136157552430356,0.7136157552430356,50.0,12.44550756887569,12.44550756887569,100.0,12.44550756887569,12.44550756887569,100.0,,,,,,,100.0,
PAUSE,ACTIONABLE,A2,TRADE,actionability,2,2,2,0,0,0,PARTIAL_OUTCOME,IMMATURE_20D,0,0,0.0,-1.5293975849480779,-1.5293975849480779,0.0,,,,-2.8294168494244762,-2.8294168494244762,0.0,,,,,,,,,,,,,,,,,,,,,,0.0,
DELAYED_EP,UNKNOWN,B+_C1,COUNCIL,actionability,1,1,1,1,1,1,LOW_SAMPLE,IMMATURE_20D,1,0,100.0,-0.27845431597882664,-0.27845431597882664,0.0,-0.27845431597882664,-0.27845431597882664,0.0,-14.897315863179173,-14.897315863179173,0.0,-14.897315863179173,-14.897315863179173,0.0,-12.669681335348537,-12.669681335348537,0.0,-12.669681335348537,-12.669681335348537,0.0,-15.14096919867589,-15.14096919867589,0.0,-15.14096919867589,-15.14096919867589,0.0,-8.179604660330607,-8.179604660330607,0.0,-8.179604660330607,-8.179604660330607,0.0,100.0,
EP_ACTIVE,ACTIONABLE,A2,TRADE,actionability,1,1,1,1,1,0,LOW_SAMPLE,IMMATURE_20D,0,0,0.0,-6.597223946893593,-6.597223946893593,0.0,,,,-19.444449963392817,-19.444449963392817,0.0,,,,-22.916668736272307,-22.916668736272307,0.0,,,,-34.80902838141275,-34.80902838141275,0.0,,,,,,,,,,0.0,
SLINGSHOT,UNKNOWN,A2,WATCH,actionability,1,1,1,1,0,0,LOW_SAMPLE,IMMATURE_20D,1,0,100.0,-2.100541449338311,-2.100541449338311,0.0,-2.100541449338311,-2.100541449338311,0.0,-2.3129562590072372,-2.3129562590072372,0.0,-2.3129562590072372,-2.3129562590072372,0.0,-4.201082898676612,-4.201082898676612,0.0,-4.201082898676612,-4.201082898676612,0.0,,,,,,,,,,,,,100.0,
SLINGSHOT,UNKNOWN,B+,COUNCIL,actionability,1,1,1,1,1,0,LOW_SAMPLE,IMMATURE_20D,1,0,100.0,-3.3355571738400647,-3.3355571738400647,0.0,-3.3355571738400647,-3.3355571738400647,0.0,-16.064039481074932,-16.064039481074932,0.0,-16.064039481074932,-16.064039481074932,0.0,-4.469644577083153,-4.469644577083153,0.0,-4.469644577083153,-4.469644577083153,0.0,14.436291041207273,14.436291041207273,100.0,14.436291041207273,14.436291041207273,100.0,,,,,,,100.0,
SLINGSHOT,UNKNOWN,B+_C1,COUNCIL,actionability,1,1,1,1,1,1,LOW_SAMPLE,IMMATURE_20D,1,0,100.0,-4.0479732967381725,-4.0479732967381725,0.0,-4.0479732967381725,-4.0479732967381725,0.0,0.3498235583385023,0.3498235583385023,100.0,0.3498235583385023,0.3498235583385023,100.0,5.747124464648423,5.747124464648423,100.0,5.747124464648423,5.747124464648423,100.0,2.7486218429257914,2.7486218429257914,100.0,2.7486218429257914,2.7486218429257914,100.0,-7.846075346656556,-7.846075346656556,0.0,-7.846075346656556,-7.846075346656556,0.0,100.0,
