setup_family,catalyst_grade,summary_type,n_rows,n_evaluable_1d,n_evaluable_3d,n_evaluable_5d,n_evaluable_10d,n_evaluable_20d,confidence_5d,confidence_20d,n_triggered,n_no_trigger_set,pct_triggered,avg_ret_1d_all,median_ret_1d_all,win_rate_1d_all,avg_ret_1d_trig,median_ret_1d_trig,win_rate_1d_trig,avg_ret_3d_all,median_ret_3d_all,win_rate_3d_all,avg_ret_3d_trig,median_ret_3d_trig,win_rate_3d_trig,avg_ret_5d_all,median_ret_5d_all,win_rate_5d_all,avg_ret_5d_trig,median_ret_5d_trig,win_rate_5d_trig,avg_ret_10d_all,median_ret_10d_all,win_rate_10d_all,avg_ret_10d_trig,median_ret_10d_trig,win_rate_10d_trig,avg_ret_20d_all,median_ret_20d_all,win_rate_20d_all,avg_ret_20d_trig,median_ret_20d_trig,win_rate_20d_trig,trigger_hit_5d_pct,pre_burst_triggered_5d_pct
SLINGSHOT,UNKNOWN,catalyst_x_family,425,423,420,419,304,95,ACTIONABLE_SAMPLE,MATURE_20D,395,126,92.94117647058823,-0.05735215703028279,-0.2429809675036032,42.78959810874704,0.09397254447229776,-0.12101930430634678,45.5470737913486,0.720828916252442,0.3691797448253764,56.42857142857143,1.0464244591017366,0.49428316387667426,60.10230179028133,0.5719404943918573,0.4888916015624911,55.131264916467785,0.8814609453638871,0.758990023052708,58.46153846153847,-1.0553135947541123,-0.36543474427221945,45.723684210526315,-0.7533647682015394,-0.18243839492370073,47.122302158273385,0.5999859884102621,0.7406137735528118,55.78947368421052,0.5538406248848432,0.7716599358790655,56.52173913043478,89.96655518394648,
SLINGSHOT,C,catalyst_x_family,288,285,257,218,111,0,ACTIONABLE_SAMPLE,IMMATURE_20D,262,24,90.97222222222221,0.17004509121355427,0.2114794503055517,56.84210526315789,0.4794739159956051,0.36952766729450026,61.06870229007634,0.044427961869957386,0.3246827639463934,52.52918287937744,0.5133640470137114,0.6697462449147373,57.20338983050848,2.1678008196748673,2.5701486436990995,70.18348623853211,2.8159309416427916,2.8806616663257456,75.36945812807882,1.0956363160187763,1.7657186026543314,70.27027027027027,1.5921309006758801,1.9618154971358215,74.03846153846155,,,,,,,91.18773946360153,
PAUSE,C,catalyst_x_family,145,134,130,49,39,31,ACTIONABLE_SAMPLE,MATURE_20D,121,108,83.44827586206897,-0.8351032549500873,-0.22908913988801127,31.343283582089555,-0.6844233336025363,-0.05102117594348865,36.607142857142854,-0.5297566025718015,0.0,46.92307692307692,-0.33880118650345903,0.02913348106304836,51.78571428571429,0.7366722242351097,0.07488003912099472,51.02040816326531,1.1222159487729932,0.12145254400917072,55.81395348837209,0.3247742885907867,0.2646375286717406,66.66666666666666,0.2736027373158516,0.2954076587764476,70.58823529411765,-2.012610921188137,0.08236635028613382,51.61290322580645,-2.1237572911199796,0.19231210093542117,51.724137931034484,37.142857142857146,
PAUSE,UNKNOWN,catalyst_x_family,111,104,104,102,97,47,ACTIONABLE_SAMPLE,MATURE_20D,89,64,80.18018018018019,0.2514041208249187,-0.03272014444020144,39.42307692307692,0.4544398324495237,0.0,44.827586206896555,0.27260298646531694,-0.05903211052631918,47.11538461538461,0.6357233547499684,0.03852917625914998,52.87356321839081,0.3058802478241115,0.0,49.01960784313725,0.8436465139863194,0.05924306504161425,54.11764705882353,0.7472386967673279,0.1984828785960957,59.79381443298969,1.3877426546768579,0.39486077957116006,65.0,1.4457576005248227,0.3688076739330137,53.191489361702125,2.3216195553899035,0.4296452707429177,57.49999999999999,53.191489361702125,
ACTIVE_BURST,C,catalyst_x_family,83,80,73,57,56,40,ACTIONABLE_SAMPLE,MATURE_20D,82,76,98.79518072289156,-2.001671598860203,-0.9863726780639903,40.0,-1.9514765882684628,-0.9264120842504941,40.50632911392405,1.7547196830561214,0.8314834308082997,52.054794520547944,1.651442550205733,0.5452303726180885,51.388888888888886,0.7470505581466924,-1.2589987288916693,40.35087719298245,0.6036202514286634,-1.5112160154438836,39.285714285714285,1.4713008975979138,-4.1475918355322055,33.92857142857143,1.6695195879663949,-3.8449199826177227,34.54545454545455,10.881310377970234,1.6121533168096946,55.00000000000001,10.878935270387997,1.5140319371020006,53.84615384615385,85.71428571428571,
ACTIVE_BURST,UNKNOWN,catalyst_x_family,83,83,82,74,67,8,ACTIONABLE_SAMPLE,IMMATURE_20D,77,54,92.7710843373494,-0.6512901675275286,-0.22691162284429467,48.19277108433735,-0.43467676144643874,0.1283726435276744,50.649350649350644,-1.4602476357615297,-0.7840156600621817,47.5609756097561,-0.8821944483019155,-0.03808520791168113,50.0,-2.6691000366663364,-1.8915319050355262,43.24324324324324,-1.5891607468298732,-1.2032715947898565,47.05882352941176,-9.964008437474329,-9.044751878528212,22.388059701492537,-9.019654612446379,-8.09739704151432,24.59016393442623,-5.83227613360293,-1.3650195778457164,50.0,-6.077698451116724,0.8918968406883554,57.14285714285714,79.3103448275862,
EP_ACTIVE,UNKNOWN,catalyst_x_family,52,51,49,36,33,12,ACTIONABLE_SAMPLE,IMMATURE_20D,49,41,94.23076923076923,0.33597090618966474,0.48394462193965815,62.745098039215684,0.19053503983289335,0.3704240604863185,60.416666666666664,0.27287755508490097,0.7547162342173674,53.06122448979592,0.29297052462181716,0.8812283495780004,52.17391304347826,-1.873192087574856,-1.9127682040528893,38.88888888888889,-1.7870035248853533,-1.4804799356481602,42.42424242424242,-8.558654077714106,-5.78843164553926,27.27272727272727,-8.345789337996887,-3.4345383380094074,30.0,0.4127288687211485,-0.4924952113979031,50.0,0.4127288687211485,-0.4924952113979031,50.0,72.72727272727273,
SLINGSHOT,,catalyst_x_family,48,48,48,48,30,0,ACTIONABLE_SAMPLE,IMMATURE_20D,45,17,93.75,1.3619712874623708,0.6242399080693906,62.5,1.50933448080957,0.6504511828797854,64.44444444444444,1.0467847867780458,0.22991909499957552,54.166666666666664,1.439882340510754,0.5431512024469232,57.77777777777777,-0.9709978421667088,-0.5303033413471714,41.66666666666667,-0.7402961978249895,-0.3935231033338815,44.44444444444444,-3.6958965029887536,-2.4280481706133674,33.33333333333333,-3.5494781963281947,-2.256946341582944,37.03703703703704,,,,,,,90.32258064516128,
PAUSE,,catalyst_x_family,39,39,39,38,12,0,ACTIONABLE_SAMPLE,IMMATURE_20D,34,27,87.17948717948718,0.4898410504283988,0.13336685735403364,61.53846153846154,0.7657750336461754,0.1629359600667568,67.64705882352942,0.9984867755412348,0.11520268142151124,64.1025641025641,1.4671898065829325,0.31723803036795006,73.52941176470588,0.82392634319044,0.2755133840209867,65.78947368421053,1.4451170954215222,0.34561536895181266,75.75757575757575,1.8032888488083403,0.2075480030005239,66.66666666666666,5.442868035278571,2.7198983863052417,100.0,,,,,,,58.333333333333336,
DELAYED_EP,UNKNOWN,catalyst_x_family,38,38,35,31,27,10,ACTIONABLE_SAMPLE,IMMATURE_20D,35,23,92.10526315789474,0.3249512653138793,0.38118169279601766,55.26315789473685,0.4173140949327291,0.4560241011489108,57.14285714285714,-0.7359710347038433,0.41753613957811186,54.285714285714285,-0.31661997697129823,0.7235590402429382,59.375,-1.2523804771463456,-0.8350722791562015,41.935483870967744,-0.9169447022529812,-0.37494404605568077,46.42857142857143,-2.105698448614841,-1.3272352881663285,40.74074074074074,-1.7969387604272988,-0.8353408893606307,45.83333333333333,-1.878572506017798,-1.908104611250655,40.0,-1.8740077557131452,-1.8965539637416318,44.44444444444444,80.0,
ACTIVE_BURST,D,catalyst_x_family,36,36,36,36,36,35,ACTIONABLE_SAMPLE,MATURE_20D,36,36,100.0,1.4331588710088683,0.9981481133582992,58.333333333333336,1.4331588710088683,0.9981481133582992,58.333333333333336,0.44234696229737575,-1.0333141115701938,47.22222222222222,0.44234696229737575,-1.0333141115701938,47.22222222222222,-1.438277493413574,-2.1840820302352237,36.11111111111111,-1.438277493413574,-2.1840820302352237,36.11111111111111,-4.894144424088918,-5.9914220138979015,33.33333333333333,-4.894144424088918,-5.9914220138979015,33.33333333333333,12.265554182869545,2.6153857891376253,54.285714285714285,12.265554182869545,2.6153857891376253,54.285714285714285,,
EP_ACTIVE,C,catalyst_x_family,35,32,24,18,17,14,BUILDING_SAMPLE,IMMATURE_20D,34,31,97.14285714285714,-0.5694730620214677,-1.2901789931472563,40.625,-0.4585168271159797,-1.1513107845822268,41.935483870967744,3.121078138148201,2.298779771453874,62.5,3.9421294450476556,3.6119634960795066,65.21739130434783,6.3758133683028175,4.484348541203542,66.66666666666666,7.522669056994886,4.575791290598663,70.58823529411765,7.69998440755262,-1.0022834307804485,47.05882352941176,8.243876147448436,-0.33577050407775366,50.0,11.356209447796576,1.3116282436014426,50.0,11.356209447796576,1.3116282436014426,50.0,75.0,
ACTIVE_BURST,,catalyst_x_family,25,25,25,25,1,0,ACTIONABLE_SAMPLE,IMMATURE_20D,25,24,100.0,-1.5979604165700139,0.10298896851235195,52.0,-1.5979604165700139,0.10298896851235195,52.0,1.7543268229868862,3.8803976061088097,64.0,1.7543268229868862,3.8803976061088097,64.0,4.366930076524183,4.708520994412879,80.0,4.366930076524183,4.708520994412879,80.0,-24.056598999271696,-24.056598999271696,0.0,-24.056598999271696,-24.056598999271696,0.0,,,,,,,100.0,
ACTIVE_BURST,B,catalyst_x_family,19,19,19,19,19,16,BUILDING_SAMPLE,IMMATURE_20D,13,4,68.42105263157895,-1.2712988547486934,-0.5031743515746756,42.10526315789473,-0.5867080577755723,0.5756389551998309,61.53846153846154,-0.005018412921555874,-1.7081479654054599,31.57894736842105,1.3641616760559987,-0.7540477964899206,46.15384615384615,1.4033332721701546,-0.864815351088577,42.10526315789473,3.912129490830109,2.157713414467599,53.84615384615385,1.1903757324643864,-1.1111095698192908,42.10526315789473,3.1373233405279026,-0.5223315700114028,46.15384615384615,8.79259979304292,7.979577243994351,62.5,13.870097249062228,11.044576459045551,72.72727272727273,60.0,
DELAYED_EP,C,catalyst_x_family,18,18,17,14,9,2,BUILDING_SAMPLE,IMMATURE_20D,15,11,83.33333333333334,0.5832680501523543,0.5890104326163881,55.55555555555556,1.3223687347014985,0.7830800508108915,66.66666666666666,-0.5288053481518136,-0.03218101868335266,41.17647058823529,0.5492265421502924,0.1907572490161602,50.0,3.0811656252243202,1.0827608813722023,71.42857142857143,4.101240284413298,1.7179073846901538,72.72727272727273,3.0898325308805985,4.969536533897245,55.55555555555556,3.302170178168799,2.4244168543595235,50.0,6.021663563383839,6.021663563383839,100.0,6.021663563383839,6.021663563383839,100.0,57.14285714285714,
EP_ACTIVE,A,catalyst_x_family,15,15,15,15,15,13,BUILDING_SAMPLE,IMMATURE_20D,12,4,80.0,-1.9275255904804167,-1.1429515202206586,26.666666666666668,-1.612236149782232,-0.6709597558621216,33.33333333333333,-2.3162943890128824,-2.571149672203632,20.0,-2.3125399023525923,-3.520815888845136,25.0,-1.6848612925243136,-2.957580603978094,40.0,-1.407129252945427,-2.3269754767293813,41.66666666666667,4.709978599247317,-4.250281985716764,33.33333333333333,7.411551871316848,-2.5402398513686864,41.66666666666667,4.889532085202011,-5.458889152587309,38.46153846153847,8.321826354896984,0.9125898530629835,50.0,72.72727272727273,
EP_ACTIVE,B,catalyst_x_family,14,14,14,14,14,13,BUILDING_SAMPLE,IMMATURE_20D,9,6,64.28571428571429,-1.817306311288094,-2.85840808557688,35.714285714285715,-0.34237313134012937,0.918909567846371,55.55555555555556,-2.355856568398333,-1.5209412156999613,28.57142857142857,0.8198714360963554,-0.26077125003837187,44.44444444444444,-1.9303011952346245,-3.2049575969762434,35.714285714285715,1.5558951218335642,0.33261716182746426,55.55555555555556,-2.4628836511090424,-4.150468957666781,28.57142857142857,1.486003762326596,-5.189877459491321,44.44444444444444,1.4643036998291519,0.7455813680649737,53.84615384615385,1.2195110331262775,0.7455813680649737,55.55555555555556,37.5,
DELAYED_EP,B,catalyst_x_family,14,14,14,14,13,11,BUILDING_SAMPLE,IMMATURE_20D,14,4,100.0,-0.14057959917183144,0.6124378137769781,57.14285714285714,-0.14057959917183144,0.6124378137769781,57.14285714285714,0.29180788092196736,2.7997140277916444,64.28571428571429,0.29180788092196736,2.7997140277916444,64.28571428571429,0.05346028333489488,2.417745587101283,57.14285714285714,0.05346028333489488,2.417745587101283,57.14285714285714,-0.3098469658393308,1.4318479869081857,53.84615384615385,-0.3098469658393308,1.4318479869081857,53.84615384615385,4.803287731559548,3.534705578547359,63.63636363636363,4.803287731559548,3.534705578547359,63.63636363636363,100.0,
ANTICIPATION,C,catalyst_x_family,11,11,11,6,4,3,LOW_SAMPLE,IMMATURE_20D,10,9,90.9090909090909,-0.3091147024995174,-0.19268263529059748,45.45454545454545,-0.299735929921392,-0.04387421815925663,50.0,-1.1996366266801883,-0.6813373233040876,27.27272727272727,-1.2631944104723778,-0.7079283509783652,30.0,-0.18070383255976244,-0.17691949788405936,33.33333333333333,-0.1846133269762107,-0.19268263529059748,40.0,-1.0469323979445777,-0.6593174098461163,0.0,-0.9930099972202141,-0.10993521957456398,0.0,-1.6595739150416644,-0.32979633981043976,33.33333333333333,-1.6595739150416644,-0.32979633981043976,33.33333333333333,50.0,
EP_SPIKE,UNKNOWN,catalyst_x_family,9,9,9,7,7,0,LOW_SAMPLE,IMMATURE_20D,8,6,88.88888888888889,0.9387220155822384,1.8652882102724533,66.66666666666666,2.7574231966913327,2.8683677360523685,75.0,11.44049443676668,4.248713132580106,77.77777777777779,12.570315852819252,5.841002351891699,75.0,-7.331588534661728,-6.624323644164221,14.285714285714285,-5.057389808224749,-5.0275365670166385,16.666666666666664,-20.387018513770297,-15.73148176558431,0.0,-16.67249835229512,-15.29478419364541,0.0,,,,,,,66.66666666666666,
SLINGSHOT,B,catalyst_x_family,9,9,6,6,6,3,LOW_SAMPLE,IMMATURE_20D,8,0,88.88888888888889,0.6200391789885851,0.9054597923073393,66.66666666666666,1.0530886857526567,1.0348783590632293,75.0,2.427495107226718,0.8559537447895282,83.33333333333334,2.427495107226718,0.8559537447895282,83.33333333333334,1.77766598244344,1.3128857311007436,66.66666666666666,1.77766598244344,1.3128857311007436,66.66666666666666,-1.461935794791654,0.11166325320237647,50.0,-1.461935794791654,0.11166325320237647,50.0,3.2187743035375007,-3.965182218198471,33.33333333333333,3.2187743035375007,-3.965182218198471,33.33333333333333,88.88888888888889,
PRE_BURST,UNKNOWN,catalyst_x_family,9,9,9,9,9,3,LOW_SAMPLE,IMMATURE_20D,2,7,22.22222222222222,-0.4066239080236895,-0.09012254919408269,33.33333333333333,0.25256636936897836,0.25256636936897836,50.0,0.07710951153797968,0.2659130052909964,55.55555555555556,3.231011685293106,3.231011685293106,100.0,-1.2613064889413939,-0.9004922465465803,44.44444444444444,3.2707735157778584,3.2707735157778584,100.0,-0.8492865139296553,3.986285184574334,55.55555555555556,4.728382578021806,4.728382578021806,100.0,-10.32517124854504,-11.30605591512267,0.0,,,,100.0,100.0
EP_ACTIVE,,catalyst_x_family,9,9,9,9,3,0,LOW_SAMPLE,IMMATURE_20D,7,6,77.77777777777779,-0.10643627913442069,1.9506606232641888,55.55555555555556,0.062449053261808274,3.3890413705140565,57.14285714285714,-4.564486929191133,-5.280121616406563,44.44444444444444,-3.8748670407957015,-5.280121616406563,42.857142857142854,-4.195831022787491,-3.672934507054648,33.33333333333333,-1.3724270291323124,-3.672934507054648,42.857142857142854,-20.94334998294153,-29.18215870381128,33.33333333333333,-34.221616888839215,-34.221616888839215,0.0,,,,,,,33.33333333333333,
ANTICIPATION,UNKNOWN,catalyst_x_family,9,9,9,9,9,4,LOW_SAMPLE,IMMATURE_20D,8,5,88.88888888888889,0.3600412586850609,0.13240952247464133,66.66666666666666,0.5555819071251065,0.1610080139284542,75.0,0.6316448927518407,0.09930714185597544,66.66666666666666,0.9001634790508223,0.19583794409824273,75.0,-0.04419751073249342,-0.033058607873837076,44.44444444444444,0.3224341005847689,0.016573076681736243,50.0,1.173080517771494,0.0,44.44444444444444,1.4423735400118016,0.09930714185597544,50.0,1.583990746800021,0.09461740480654068,75.0,1.583990746800021,0.09461740480654068,75.0,75.0,
DELAYED_EP,,catalyst_x_family,8,8,8,8,3,0,LOW_SAMPLE,IMMATURE_20D,7,5,87.5,0.5859818680972282,0.487519973692907,62.5,0.654087865563908,0.8658000615553441,57.14285714285714,1.1516451379601738,2.074070494460589,62.5,1.8548754788664088,2.527076143717677,71.42857142857143,0.5116689410877147,-0.9283986777490094,50.0,0.9927797390078684,0.5854823297213985,57.14285714285714,-2.0072612448826264,-1.1356114318717525,0.0,-2.443086151388063,-2.443086151388063,0.0,,,,,,,66.66666666666666,
PRE_BURST,C,catalyst_x_family,6,6,6,0,0,0,PARTIAL_OUTCOME,IMMATURE_20D,0,6,0.0,-1.4049425991782771,-1.272258566380835,16.666666666666664,,,,-1.1196535375680976,-1.1943895747073052,33.33333333333333,,,,,,,,,,,,,,,,,,,,,,,
PAUSE,B,catalyst_x_family,5,5,5,5,5,5,LOW_SAMPLE,IMMATURE_20D,5,5,100.0,0.2881694932163992,0.018925461265695276,60.0,0.2881694932163992,0.018925461265695276,60.0,1.5971001689830322,1.8004484057899228,60.0,1.5971001689830322,1.8004484057899228,60.0,2.4774720940201727,1.9504893501120835,60.0,2.4774720940201727,1.9504893501120835,60.0,3.4197828709756073,2.025509822273164,80.0,3.4197828709756073,2.025509822273164,80.0,3.0252610404022473,0.4739344585183769,60.0,3.0252610404022473,0.4739344585183769,60.0,,
ACTIVE_BURST,A,catalyst_x_family,5,5,5,5,5,3,LOW_SAMPLE,IMMATURE_20D,4,1,80.0,-2.6852047793860545,-1.298361570413964,20.0,-3.031915581629077,-1.34246021678196,25.0,-2.9382915413014565,-3.294609522419223,0.0,-2.62291554700457,-2.5473939396324696,0.0,-2.524614436294357,-3.683103186343506,20.0,-2.2349922487820697,-3.2897216159607447,25.0,0.4926666576956219,1.9972997510106394,60.0,-0.00022155938379220252,0.8719350542257032,50.0,-6.085896734527089,-6.406338763917141,33.33333333333333,-6.085896734527089,-6.406338763917141,33.33333333333333,75.0,
ANTICIPATION,,catalyst_x_family,4,4,4,4,3,0,LOW_SAMPLE,IMMATURE_20D,3,1,75.0,0.34082800656259904,0.27144346843751,50.0,0.8558653183618999,1.6298400783885114,66.66666666666666,1.2827018063776896,0.39483942496810753,75.0,2.215770341050257,0.7534592604368617,100.0,0.9940138499716837,-0.5154548098024014,50.0,2.317768600385776,1.3957476114086154,66.66666666666666,2.859734945818078,-0.543286934309839,33.33333333333333,4.780234248802601,4.780234248802601,50.0,,,,,,,66.66666666666666,
PAUSE,D,catalyst_x_family,4,4,4,1,1,0,LOW_SAMPLE,IMMATURE_20D,3,3,75.0,-0.19357770068656188,-0.21849468519408166,25.0,-0.12519506586234538,-0.03826376522895192,33.33333333333333,-0.08072197249127666,-0.551115914639122,25.0,0.45058452255229603,-0.15307695929347442,33.33333333333333,-1.036683531390603,-1.036683531390603,0.0,,,,-1.1961692104192623,-1.1961692104192623,0.0,,,,,,,,,,0.0,
EP_ACTIVE,D,catalyst_x_family,4,4,4,4,4,1,LOW_SAMPLE,IMMATURE_20D,4,4,100.0,3.2448214800956006,2.627757861786506,75.0,3.2448214800956006,2.627757861786506,75.0,5.24860042134405,-0.9356246006889224,50.0,5.24860042134405,-0.9356246006889224,50.0,4.927801313334332,-0.012199436710219613,50.0,4.927801313334332,-0.012199436710219613,50.0,2.2485975918626053,-2.8337549298445843,25.0,2.2485975918626053,-2.8337549298445843,25.0,26.205578050677623,26.205578050677623,100.0,26.205578050677623,26.205578050677623,100.0,,
EP_SPIKE,,catalyst_x_family,4,4,4,4,0,0,LOW_SAMPLE,IMMATURE_20D,4,4,100.0,3.0899508054670815,4.574638519963936,75.0,3.0899508054670815,4.574638519963936,75.0,8.381909101283682,6.979247200767913,75.0,8.381909101283682,6.979247200767913,75.0,7.464634923922559,7.710926335026846,100.0,7.464634923922559,7.710926335026846,100.0,,,,,,,,,,,,,,
DELAYED_EP,A,catalyst_x_family,2,2,2,2,2,1,LOW_SAMPLE,IMMATURE_20D,1,0,50.0,0.8790862674027178,0.8790862674027178,50.0,2.0658030915684966,2.0658030915684966,100.0,-1.2072853260197913,-1.2072853260197913,50.0,2.1040595151160746,2.1040595151160746,100.0,-0.8269286545519785,-0.8269286545519785,50.0,3.596023550137728,3.596023550137728,100.0,8.800582062992746,8.800582062992746,100.0,2.85004153262689,2.85004153262689,100.0,1.871000473792761,1.871000473792761,100.0,,,,50.0,
MOMENTUM_PAUSE,C,catalyst_x_family,2,2,2,2,1,0,LOW_SAMPLE,IMMATURE_20D,2,0,100.0,0.03782102899754225,0.03782102899754225,100.0,0.03782102899754225,0.03782102899754225,100.0,0.19190409241703899,0.19190409241703899,100.0,0.19190409241703899,0.19190409241703899,100.0,0.16984076286284955,0.16984076286284955,100.0,0.16984076286284955,0.16984076286284955,100.0,0.6163396009379873,0.6163396009379873,100.0,0.6163396009379873,0.6163396009379873,100.0,,,,,,,100.0,
EP_SPIKE,C,catalyst_x_family,2,2,2,0,0,0,PARTIAL_OUTCOME,IMMATURE_20D,2,2,100.0,4.396215976690882,4.396215976690882,50.0,4.396215976690882,4.396215976690882,50.0,20.53795575308961,20.53795575308961,100.0,20.53795575308961,20.53795575308961,100.0,,,,,,,,,,,,,,,,,,,,
ANTICIPATION,D,catalyst_x_family,1,1,1,1,1,0,LOW_SAMPLE,IMMATURE_20D,1,1,100.0,0.05279951742267475,0.05279951742267475,100.0,0.05279951742267475,0.05279951742267475,100.0,0.15838848178979514,0.15838848178979514,100.0,0.15838848178979514,0.15838848178979514,100.0,0.1055889643671204,0.1055889643671204,100.0,0.1055889643671204,0.1055889643671204,100.0,0.2111879992124921,0.2111879992124921,100.0,0.2111879992124921,0.2111879992124921,100.0,,,,,,,,
DELAYED_EP,D,catalyst_x_family,1,1,1,1,1,0,LOW_SAMPLE,IMMATURE_20D,1,1,100.0,11.032527779810497,11.032527779810497,100.0,11.032527779810497,11.032527779810497,100.0,30.693062896303424,30.693062896303424,100.0,30.693062896303424,30.693062896303424,100.0,27.439886988921792,27.439886988921792,100.0,27.439886988921792,27.439886988921792,100.0,11.739744038945531,11.739744038945531,100.0,11.739744038945531,11.739744038945531,100.0,,,,,,,,
PRE_BURST,,catalyst_x_family,1,1,1,1,0,0,LOW_SAMPLE,IMMATURE_20D,0,1,0.0,0.12274459345886779,0.12274459345886779,100.0,,,,-0.4091668546830629,-0.4091668546830629,0.0,,,,1.5139072168560919,1.5139072168560919,100.0,,,,,,,,,,,,,,,,,
PAUSE,A,catalyst_x_family,1,1,1,1,1,1,LOW_SAMPLE,IMMATURE_20D,1,1,100.0,0.21141124744934459,0.21141124744934459,100.0,0.21141124744934459,0.21141124744934459,100.0,0.26426657959264244,0.26426657959264244,100.0,0.26426657959264244,0.26426657959264244,100.0,0.15856599642987135,0.15856599642987135,100.0,0.15856599642987135,0.15856599642987135,100.0,0.21141124744934459,0.21141124744934459,100.0,0.21141124744934459,0.21141124744934459,100.0,0.36997724387921593,0.36997724387921593,100.0,0.36997724387921593,0.36997724387921593,100.0,,
PRE_BURST,B,catalyst_x_family,1,1,1,1,1,1,LOW_SAMPLE,IMMATURE_20D,0,1,0.0,-2.340337023387018,-2.340337023387018,0.0,,,,-0.9985428443595623,-0.9985428443595623,0.0,,,,-2.319529583624247,-2.319529583624247,0.0,,,,0.07281016774352,0.07281016774352,100.0,,,,8.706056583856437,8.706056583856437,100.0,,,,,
SLINGSHOT,A,catalyst_x_family,1,1,1,1,1,1,LOW_SAMPLE,IMMATURE_20D,0,0,0.0,-4.720767336775156,-4.720767336775156,0.0,,,,-8.469604889874594,-8.469604889874594,0.0,,,,-7.806234799620104,-7.806234799620104,0.0,,,,-8.88614370356613,-8.88614370356613,0.0,,,,-3.0237567011731414,-3.0237567011731414,0.0,,,,0.0,
