setup_family,summary_type,n_rows,n_evaluable_1d,n_evaluable_3d,n_evaluable_5d,n_evaluable_10d,n_evaluable_20d,confidence_5d,confidence_20d,n_triggered,n_no_trigger_set,pct_triggered,avg_ret_1d_all,median_ret_1d_all,win_rate_1d_all,avg_ret_1d_trig,median_ret_1d_trig,win_rate_1d_trig,avg_ret_3d_all,median_ret_3d_all,win_rate_3d_all,avg_ret_3d_trig,median_ret_3d_trig,win_rate_3d_trig,avg_ret_5d_all,median_ret_5d_all,win_rate_5d_all,avg_ret_5d_trig,median_ret_5d_trig,win_rate_5d_trig,avg_ret_10d_all,median_ret_10d_all,win_rate_10d_all,avg_ret_10d_trig,median_ret_10d_trig,win_rate_10d_trig,avg_ret_20d_all,median_ret_20d_all,win_rate_20d_all,avg_ret_20d_trig,median_ret_20d_trig,win_rate_20d_trig,trigger_hit_5d_pct,pre_burst_triggered_5d_pct
SLINGSHOT,setup_family,1194,1090,897,765,586,288,ACTIONABLE_SAMPLE,MATURE_20D,986,167,82.57956448911223,0.26603883283778895,0.26186359472628595,55.41284403669725,0.5433761762237976,0.4367389474169925,60.16260162601627,0.8881999353745494,0.7870373763501748,58.97435897435898,1.2862930488089177,1.0341301001111525,63.26530612244898,1.031109365733959,0.7763036973549298,58.43137254901961,1.4399076593584899,1.1067713547769698,62.0979020979021,0.39244083091066895,0.7255855306713466,57.16723549488054,0.7581612934700228,0.9204957415358539,59.41499085923218,1.193329326108135,0.7287741471898812,55.208333333333336,1.5167392720231645,0.8750606726934951,56.92307692307692,88.54054054054053,
ACTIVE_BURST,setup_family,454,292,270,248,215,162,ACTIONABLE_SAMPLE,MATURE_20D,440,398,96.91629955947137,-0.6956396273310786,-0.25234457153556766,48.28767123287671,-0.5710319619140339,0.0799527342719153,50.35971223021583,0.40069283709302883,-0.1186914732061839,49.629629629629626,0.6785904999260162,0.17166232875830412,51.5625,0.5198362072833633,-1.1419526304402683,45.564516129032256,1.014821188020074,-0.8708503237255749,47.43589743589743,-3.1254457627303402,-4.450263688446688,34.418604651162795,-2.6340628506406856,-3.9433579806539165,35.32338308457712,1.6829082400761406,-2.541112044414884,45.67901234567901,2.906398548049968,-1.1701180779315923,47.97297297297297,75.0,
PAUSE,setup_family,342,313,307,284,186,132,ACTIONABLE_SAMPLE,MATURE_20D,295,242,86.25730994152046,-0.16584367694054522,0.0,41.533546325878596,-0.03131998963422773,0.0,45.65217391304348,0.1944862953132465,0.03705160787936812,52.44299674267101,0.4926416757894878,0.0828309977732089,58.14814814814815,0.6627920907993919,0.1323219190640712,57.74647887323944,1.1390529675673224,0.21107655181173968,63.96761133603239,0.9665546257635632,0.2189282365788081,62.903225806451616,1.472211989019671,0.3159529576911124,68.35443037974683,1.348797538216985,0.3277498699946979,56.060606060606055,1.7675753815609003,0.36997724387921593,57.943925233644855,56.38297872340425,
EP_ACTIVE,setup_family,130,127,126,125,95,78,ACTIONABLE_SAMPLE,MATURE_20D,116,93,89.23076923076924,-0.42133471008400386,-0.21435695876631522,48.818897637795274,-0.21386881433129956,0.12903521137852536,51.32743362831859,-0.4524510131849669,-0.849009142144419,45.23809523809524,0.18009824249315334,-0.2778950707912564,48.214285714285715,-0.7757630684984604,-3.094818085349582,38.4,0.019678196325229835,-2.337660166199429,42.34234234234234,-1.6831088284261222,-3.237795145494049,33.68421052631579,-0.39604159680862355,-3.184262156361639,38.2716049382716,-0.04427783215283745,-3.289723189601218,42.30769230769231,1.119869497230656,-1.485882679779471,46.15384615384615,62.16216216216216,
DELAYED_EP,setup_family,120,98,89,81,65,45,ACTIONABLE_SAMPLE,MATURE_20D,111,77,92.5,0.6039573424909983,0.40943837207064737,57.14285714285714,0.7886751288172069,0.5890104326163881,60.0,0.14200075343365304,0.6535984113555049,56.17977528089888,0.6572058510045942,1.6129016752173708,61.72839506172839,1.072863114808768,0.8978667236373861,58.0246913580247,1.508692702835127,1.959498555441952,61.64383561643836,0.687072226301462,1.0101035121981905,53.84615384615385,0.6451936789744055,1.2004151569311894,56.14035087719298,3.17124972133994,3.1269179399339597,66.66666666666666,3.3022638523031533,3.3453956014440567,65.0,80.95238095238095,
ANTICIPATION,setup_family,27,26,25,25,18,15,ACTIONABLE_SAMPLE,IMMATURE_20D,24,18,88.88888888888889,0.07606034134386473,0.11234642530705274,57.692307692307686,0.20821909395182006,0.12214299592809841,65.21739130434783,-0.0888801260565981,0.03621958949935333,52.0,0.06250287421015294,0.06776336567766439,59.09090909090909,-0.003866410823048838,-0.16115636047752124,40.0,0.2735907678382949,-0.08352466626114774,45.45454545454545,1.2157739776048673,-0.01197403776431738,38.88888888888889,1.6703439011538135,0.0,46.666666666666664,0.5410200589596144,0.02394807552863476,53.333333333333336,0.9244666353199786,0.1652867340844466,61.53846153846154,66.66666666666666,
PRE_BURST,setup_family,19,19,18,17,11,8,BUILDING_SAMPLE,IMMATURE_20D,2,17,10.526315789473683,-0.8290289785271464,-0.8679833709251517,31.57894736842105,0.25256636936897836,0.25256636936897836,50.0,-0.8934363878058337,-1.047313876698991,38.88888888888889,3.231011685293106,3.231011685293106,100.0,-0.43105827313837736,0.28985381337442995,52.94117647058824,3.2707735157778584,3.2707735157778584,100.0,-0.5469039795343744,1.5548246827452594,63.63636363636363,4.728382578021806,4.728382578021806,100.0,-2.493854268028721,-5.436673218187666,37.5,8.01479733860454,8.01479733860454,100.0,100.0,100.0
EP_SPIKE,setup_family,18,17,16,15,11,7,BUILDING_SAMPLE,IMMATURE_20D,17,15,94.44444444444444,1.659341344413497,1.8652882102724533,58.82352941176471,2.6137306430199976,1.951071448412356,62.5,10.069246306265018,4.969544494516942,75.0,10.580401186126279,5.026809625769757,73.33333333333333,8.671527283056909,2.211795723985177,53.333333333333336,10.789263581366948,3.211162358377595,57.14285714285714,-12.640475134454611,-12.11812237642439,27.27272727272727,-9.637108699637935,-10.165108537817787,30.0,-21.570251942235043,-10.386960649570709,0.0,-16.811944764258907,-8.54993518497767,0.0,66.66666666666666,
MOMENTUM_PAUSE,setup_family,2,2,2,2,1,0,LOW_SAMPLE,IMMATURE_20D,2,0,100.0,0.03782102899754225,0.03782102899754225,100.0,0.03782102899754225,0.03782102899754225,100.0,0.19190409241703899,0.19190409241703899,100.0,0.19190409241703899,0.19190409241703899,100.0,0.16984076286284955,0.16984076286284955,100.0,0.16984076286284955,0.16984076286284955,100.0,0.6163396009379873,0.6163396009379873,100.0,0.6163396009379873,0.6163396009379873,100.0,,,,,,,100.0,
